{"@t":"2026-01-04T09:39:49.1915288Z","@mt":"HTTP {RequestMethod} {RequestPath} responded {StatusCode} in {Elapsed:0.0000} ms","@r":["380.1879"],"@tr":"79d40e0a46af600e15a1fa28a90765a4","@sp":"1fa656c39e7ecf1b","RequestMethod":"GET","RequestPath":"/","StatusCode":200,"Elapsed":380.1879,"SourceContext":"Serilog.AspNetCore.RequestLoggingMiddleware","RequestId":"0HNIBEKPB1228:00000001","ConnectionId":"0HNIBEKPB1228","ThreadId":14,"MachineName":"DESKTOP-JBMPMGQ","ApplicationName":"WEBTest"}
{"@t":"2026-01-04T09:39:49.6053245Z","@mt":"HTTP {RequestMethod} {RequestPath} responded {StatusCode} in {Elapsed:0.0000} ms","@r":["29.3723"],"@tr":"c17dcc1344bb767d7cfee30d1f733fac","@sp":"79b09355767067d2","RequestMethod":"GET","RequestPath":"/img/anyProduct.png","StatusCode":404,"Elapsed":29.3723,"SourceContext":"Serilog.AspNetCore.RequestLoggingMiddleware","RequestId":"0HNIBEKPB1228:00000003","ConnectionId":"0HNIBEKPB1228","ThreadId":14,"MachineName":"DESKTOP-JBMPMGQ","ApplicationName":"WEBTest"}
