{"@t":"2026-01-29T12:27:02.8745365Z","@mt":"No store type was specified for the decimal property '{property}' on entity type '{entityType}'. This will cause values to be silently truncated if they do not fit in the default precision and scale. Explicitly specify the SQL server column type that can accommodate all the values in 'OnModelCreating' using 'HasColumnType', specify precision and scale using 'HasPrecision', or configure a value converter using 'HasConversion'.","@l":"Warning","@tr":"20d09f63b8af59736447016941ce0bc8","@sp":"5a3ff37d2f1000da","property":"Cost","entityType":"Product","EventId":{"Id":30000,"Name":"Microsoft.EntityFrameworkCore.Model.Validation.DecimalTypeDefaultWarning"},"SourceContext":"Microsoft.EntityFrameworkCore.Model.Validation","ActionId":"4a8c995e-9987-4c0e-baa5-7c91c69ac6b3","ActionName":"WEBtest.Controllers.HomeController.Index (WEBtest)","RequestId":"0HNIV66Q1UBJI:00000001","RequestPath":"/","ConnectionId":"0HNIV66Q1UBJI","ThreadId":4,"MachineName":"DESKTOP-JBMPMGQ","ApplicationName":"WEBTest"}
{"@t":"2026-01-29T12:27:05.8130963Z","@mt":"HTTP {RequestMethod} {RequestPath} responded {StatusCode} in {Elapsed:0.0000} ms","@r":["3515.2982"],"@tr":"20d09f63b8af59736447016941ce0bc8","@sp":"5a3ff37d2f1000da","RequestMethod":"GET","RequestPath":"/","StatusCode":200,"Elapsed":3515.2982,"SourceContext":"Serilog.AspNetCore.RequestLoggingMiddleware","RequestId":"0HNIV66Q1UBJI:00000001","ConnectionId":"0HNIV66Q1UBJI","ThreadId":13,"MachineName":"DESKTOP-JBMPMGQ","ApplicationName":"WEBTest"}
{"@t":"2026-01-29T12:27:05.9239625Z","@mt":"HTTP {RequestMethod} {RequestPath} responded {StatusCode} in {Elapsed:0.0000} ms","@r":["2.6509"],"@tr":"3d3e00ed544bfcc71ba8d55eaeaf4e7c","@sp":"d636a733f31e4200","RequestMethod":"GET","RequestPath":"/img/anyProduct.png","StatusCode":404,"Elapsed":2.6509,"SourceContext":"Serilog.AspNetCore.RequestLoggingMiddleware","RequestId":"0HNIV66Q1UBJI:00000009","ConnectionId":"0HNIV66Q1UBJI","ThreadId":7,"MachineName":"DESKTOP-JBMPMGQ","ApplicationName":"WEBTest"}
{"@t":"2026-01-29T12:27:05.9332855Z","@mt":"HTTP {RequestMethod} {RequestPath} responded {StatusCode} in {Elapsed:0.0000} ms","@r":["8.8293"],"@tr":"42b57124cb628629406dfacd380edc22","@sp":"fab18895ed5dd609","RequestMethod":"GET","RequestPath":"/WEBtest.styles.css","StatusCode":200,"Elapsed":8.8293,"SourceContext":"Serilog.AspNetCore.RequestLoggingMiddleware","RequestId":"0HNIV66Q1UBJI:00000007","ConnectionId":"0HNIV66Q1UBJI","ThreadId":6,"MachineName":"DESKTOP-JBMPMGQ","ApplicationName":"WEBTest"}
{"@t":"2026-01-29T12:27:05.9372841Z","@mt":"HTTP {RequestMethod} {RequestPath} responded {StatusCode} in {Elapsed:0.0000} ms","@r":["12.8341"],"@tr":"08b8604b7a7e9942bd3c33462c496830","@sp":"c1de0427e6738791","RequestMethod":"GET","RequestPath":"/js/site.js","StatusCode":200,"Elapsed":12.8341,"SourceContext":"Serilog.AspNetCore.RequestLoggingMiddleware","RequestId":"0HNIV66Q1UBJI:0000000F","ConnectionId":"0HNIV66Q1UBJI","ThreadId":7,"MachineName":"DESKTOP-JBMPMGQ","ApplicationName":"WEBTest"}
{"@t":"2026-01-29T12:27:05.9403601Z","@mt":"HTTP {RequestMethod} {RequestPath} responded {StatusCode} in {Elapsed:0.0000} ms","@r":["15.9169"],"@tr":"5d1c37fcbcd22542e9f7f0bda64544e4","@sp":"4db566c6975bc6db","RequestMethod":"GET","RequestPath":"/css/site.css","StatusCode":200,"Elapsed":15.9169,"SourceContext":"Serilog.AspNetCore.RequestLoggingMiddleware","RequestId":"0HNIV66Q1UBJI:00000005","ConnectionId":"0HNIV66Q1UBJI","ThreadId":6,"MachineName":"DESKTOP-JBMPMGQ","ApplicationName":"WEBTest"}
{"@t":"2026-01-29T12:27:05.9811737Z","@mt":"HTTP {RequestMethod} {RequestPath} responded {StatusCode} in {Elapsed:0.0000} ms","@r":["59.8562"],"@tr":"eb61461f0342f87d3995bfc6cffcf432","@sp":"135a3fc9fb7f7df9","RequestMethod":"GET","RequestPath":"/lib/bootstrap/dist/js/bootstrap.bundle.min.js","StatusCode":200,"Elapsed":59.8562,"SourceContext":"Serilog.AspNetCore.RequestLoggingMiddleware","RequestId":"0HNIV66Q1UBJI:0000000D","ConnectionId":"0HNIV66Q1UBJI","ThreadId":15,"MachineName":"DESKTOP-JBMPMGQ","ApplicationName":"WEBTest"}
{"@t":"2026-01-29T12:27:05.9855248Z","@mt":"HTTP {RequestMethod} {RequestPath} responded {StatusCode} in {Elapsed:0.0000} ms","@r":["64.0242"],"@tr":"8f9a19fecf4b854e2773f3a82353f880","@sp":"be934b399ab901ec","RequestMethod":"GET","RequestPath":"/lib/bootstrap/dist/css/bootstrap.min.css","StatusCode":200,"Elapsed":64.0242,"SourceContext":"Serilog.AspNetCore.RequestLoggingMiddleware","RequestId":"0HNIV66Q1UBJI:00000003","ConnectionId":"0HNIV66Q1UBJI","ThreadId":4,"MachineName":"DESKTOP-JBMPMGQ","ApplicationName":"WEBTest"}
{"@t":"2026-01-29T12:27:05.9917056Z","@mt":"HTTP {RequestMethod} {RequestPath} responded {StatusCode} in {Elapsed:0.0000} ms","@r":["56.9062"],"@tr":"0559e8bfc492e3ea48dab92595fcaf28","@sp":"e2c1626a1b4e228d","RequestMethod":"GET","RequestPath":"/lib/jquery-validation-unobtrusive/jquery.validate.unobtrusive.min.js","StatusCode":200,"Elapsed":56.9062,"SourceContext":"Serilog.AspNetCore.RequestLoggingMiddleware","RequestId":"0HNIV66Q1UBJI:00000013","ConnectionId":"0HNIV66Q1UBJI","ThreadId":15,"MachineName":"DESKTOP-JBMPMGQ","ApplicationName":"WEBTest"}
{"@t":"2026-01-29T12:27:06.0131943Z","@mt":"HTTP {RequestMethod} {RequestPath} responded {StatusCode} in {Elapsed:0.0000} ms","@r":["81.1469"],"@tr":"fd378cf6d225508f85731e4844e498ad","@sp":"c91d7c47c7ee68ec","RequestMethod":"GET","RequestPath":"/lib/jquery-validation/dist/jquery.validate.min.js","StatusCode":200,"Elapsed":81.1469,"SourceContext":"Serilog.AspNetCore.RequestLoggingMiddleware","RequestId":"0HNIV66Q1UBJI:00000011","ConnectionId":"0HNIV66Q1UBJI","ThreadId":11,"MachineName":"DESKTOP-JBMPMGQ","ApplicationName":"WEBTest"}
{"@t":"2026-01-29T12:27:06.0151200Z","@mt":"HTTP {RequestMethod} {RequestPath} responded {StatusCode} in {Elapsed:0.0000} ms","@r":["93.7947"],"@tr":"77bde72ac54f611087134d87775e186f","@sp":"cff32331484463b6","RequestMethod":"GET","RequestPath":"/lib/jquery/dist/jquery.min.js","StatusCode":200,"Elapsed":93.7947,"SourceContext":"Serilog.AspNetCore.RequestLoggingMiddleware","RequestId":"0HNIV66Q1UBJI:0000000B","ConnectionId":"0HNIV66Q1UBJI","ThreadId":13,"MachineName":"DESKTOP-JBMPMGQ","ApplicationName":"WEBTest"}
{"@t":"2026-01-29T12:27:06.1248763Z","@mt":"HTTP {RequestMethod} {RequestPath} responded {StatusCode} in {Elapsed:0.0000} ms","@r":["18.2817"],"@tr":"87e350827a03418023026904e0c2c026","@sp":"c8374993211065af","RequestMethod":"GET","RequestPath":"/favicon.ico","StatusCode":200,"Elapsed":18.2817,"SourceContext":"Serilog.AspNetCore.RequestLoggingMiddleware","RequestId":"0HNIV66Q1UBJI:00000019","ConnectionId":"0HNIV66Q1UBJI","ThreadId":13,"MachineName":"DESKTOP-JBMPMGQ","ApplicationName":"WEBTest"}
{"@t":"2026-01-29T12:34:41.3075181Z","@mt":"HTTP {RequestMethod} {RequestPath} responded {StatusCode} in {Elapsed:0.0000} ms","@r":["139.1312"],"@tr":"eb1d5fc1a9a46f7fa51804417b983518","@sp":"43e6a2eece409272","RequestMethod":"GET","RequestPath":"/","StatusCode":200,"Elapsed":139.1312,"SourceContext":"Serilog.AspNetCore.RequestLoggingMiddleware","RequestId":"0HNIV66Q1UBJJ:00000001","ConnectionId":"0HNIV66Q1UBJJ","ThreadId":35,"MachineName":"DESKTOP-JBMPMGQ","ApplicationName":"WEBTest"}
{"@t":"2026-01-29T12:34:41.4338455Z","@mt":"HTTP {RequestMethod} {RequestPath} responded {StatusCode} in {Elapsed:0.0000} ms","@r":["2.3045"],"@tr":"62d1a6e93f32ae1a249b9ad6cef15ef8","@sp":"59c9e17b7f53300a","RequestMethod":"GET","RequestPath":"/img/anyProduct.png","StatusCode":404,"Elapsed":2.3045,"SourceContext":"Serilog.AspNetCore.RequestLoggingMiddleware","RequestId":"0HNIV66Q1UBJJ:00000005","ConnectionId":"0HNIV66Q1UBJJ","ThreadId":35,"MachineName":"DESKTOP-JBMPMGQ","ApplicationName":"WEBTest"}
