{"@t":"2026-02-03T12:01:29.6622576Z","@mt":"No store type was specified for the decimal property '{property}' on entity type '{entityType}'. This will cause values to be silently truncated if they do not fit in the default precision and scale. Explicitly specify the SQL server column type that can accommodate all the values in 'OnModelCreating' using 'HasColumnType', specify precision and scale using 'HasPrecision', or configure a value converter using 'HasConversion'.","@l":"Warning","@tr":"4df3ce48096f932aed5c3db7b115156a","@sp":"87329507097c1c7b","property":"Cost","entityType":"Product","EventId":{"Id":30000,"Name":"Microsoft.EntityFrameworkCore.Model.Validation.DecimalTypeDefaultWarning"},"SourceContext":"Microsoft.EntityFrameworkCore.Model.Validation","ActionId":"f132708f-5633-4a80-8f0c-2ee6ba206111","ActionName":"WEBtest.Controllers.HomeController.Index (WEBtest)","RequestId":"0HNJ33FR3QCLE:00000001","RequestPath":"/","ConnectionId":"0HNJ33FR3QCLE","ThreadId":4,"MachineName":"DESKTOP-JBMPMGQ","ApplicationName":"WEBTest"}
{"@t":"2026-02-03T12:01:33.7180409Z","@mt":"HTTP {RequestMethod} {RequestPath} responded {StatusCode} in {Elapsed:0.0000} ms","@r":["4938.9234"],"@tr":"4df3ce48096f932aed5c3db7b115156a","@sp":"87329507097c1c7b","RequestMethod":"GET","RequestPath":"/","StatusCode":200,"Elapsed":4938.9234,"SourceContext":"Serilog.AspNetCore.RequestLoggingMiddleware","RequestId":"0HNJ33FR3QCLE:00000001","ConnectionId":"0HNJ33FR3QCLE","ThreadId":9,"MachineName":"DESKTOP-JBMPMGQ","ApplicationName":"WEBTest"}
{"@t":"2026-02-03T12:01:33.8513806Z","@mt":"HTTP {RequestMethod} {RequestPath} responded {StatusCode} in {Elapsed:0.0000} ms","@r":["3.6300"],"@tr":"d664ba16af56962289becda1965d703f","@sp":"eb93a67a9685936a","RequestMethod":"GET","RequestPath":"/img/anyProduct.png","StatusCode":404,"Elapsed":3.63,"SourceContext":"Serilog.AspNetCore.RequestLoggingMiddleware","RequestId":"0HNJ33FR3QCLE:0000000B","ConnectionId":"0HNJ33FR3QCLE","ThreadId":6,"MachineName":"DESKTOP-JBMPMGQ","ApplicationName":"WEBTest"}
{"@t":"2026-02-03T12:01:33.8723923Z","@mt":"HTTP {RequestMethod} {RequestPath} responded {StatusCode} in {Elapsed:0.0000} ms","@r":["22.2587"],"@tr":"c78db02fba01b52e5af4f07c7b9d9f22","@sp":"e53403a5b12bf0da","RequestMethod":"GET","RequestPath":"/css/site.css","StatusCode":200,"Elapsed":22.2587,"SourceContext":"Serilog.AspNetCore.RequestLoggingMiddleware","RequestId":"0HNJ33FR3QCLE:00000005","ConnectionId":"0HNJ33FR3QCLE","ThreadId":9,"MachineName":"DESKTOP-JBMPMGQ","ApplicationName":"WEBTest"}
{"@t":"2026-02-03T12:01:33.8902066Z","@mt":"HTTP {RequestMethod} {RequestPath} responded {StatusCode} in {Elapsed:0.0000} ms","@r":["40.0903"],"@tr":"0f6c0a6d8699821bde5b915e95c81bc6","@sp":"ea2dafa241ff8b45","RequestMethod":"GET","RequestPath":"/WEBtest.styles.css","StatusCode":200,"Elapsed":40.0903,"SourceContext":"Serilog.AspNetCore.RequestLoggingMiddleware","RequestId":"0HNJ33FR3QCLE:00000007","ConnectionId":"0HNJ33FR3QCLE","ThreadId":15,"MachineName":"DESKTOP-JBMPMGQ","ApplicationName":"WEBTest"}
{"@t":"2026-02-03T12:01:33.8906080Z","@mt":"HTTP {RequestMethod} {RequestPath} responded {StatusCode} in {Elapsed:0.0000} ms","@r":["34.9481"],"@tr":"c0b973a940373e2a299b8ac60adee008","@sp":"ce003a5bbecae919","RequestMethod":"GET","RequestPath":"/js/site.js","StatusCode":200,"Elapsed":34.9481,"SourceContext":"Serilog.AspNetCore.RequestLoggingMiddleware","RequestId":"0HNJ33FR3QCLE:0000000F","ConnectionId":"0HNJ33FR3QCLE","ThreadId":11,"MachineName":"DESKTOP-JBMPMGQ","ApplicationName":"WEBTest"}
{"@t":"2026-02-03T12:01:33.9041141Z","@mt":"HTTP {RequestMethod} {RequestPath} responded {StatusCode} in {Elapsed:0.0000} ms","@r":["44.2610"],"@tr":"e74b903aa9530b1d9fe568ffeacf203e","@sp":"bdc9993a8922553b","RequestMethod":"GET","RequestPath":"/lib/jquery-validation-unobtrusive/jquery.validate.unobtrusive.min.js","StatusCode":200,"Elapsed":44.261,"SourceContext":"Serilog.AspNetCore.RequestLoggingMiddleware","RequestId":"0HNJ33FR3QCLE:00000013","ConnectionId":"0HNJ33FR3QCLE","ThreadId":9,"MachineName":"DESKTOP-JBMPMGQ","ApplicationName":"WEBTest"}
{"@t":"2026-02-03T12:01:33.9086144Z","@mt":"HTTP {RequestMethod} {RequestPath} responded {StatusCode} in {Elapsed:0.0000} ms","@r":["57.1392"],"@tr":"3773e58144e07b80c552be82de783514","@sp":"29c625e32b0b66ab","RequestMethod":"GET","RequestPath":"/lib/bootstrap/dist/js/bootstrap.bundle.min.js","StatusCode":200,"Elapsed":57.1392,"SourceContext":"Serilog.AspNetCore.RequestLoggingMiddleware","RequestId":"0HNJ33FR3QCLE:0000000D","ConnectionId":"0HNJ33FR3QCLE","ThreadId":15,"MachineName":"DESKTOP-JBMPMGQ","ApplicationName":"WEBTest"}
{"@t":"2026-02-03T12:01:33.9229659Z","@mt":"HTTP {RequestMethod} {RequestPath} responded {StatusCode} in {Elapsed:0.0000} ms","@r":["75.6431"],"@tr":"2b56913304e03f355579f3862286d8bc","@sp":"32a8a87011627bb4","RequestMethod":"GET","RequestPath":"/lib/bootstrap/dist/css/bootstrap.min.css","StatusCode":200,"Elapsed":75.6431,"SourceContext":"Serilog.AspNetCore.RequestLoggingMiddleware","RequestId":"0HNJ33FR3QCLE:00000003","ConnectionId":"0HNJ33FR3QCLE","ThreadId":9,"MachineName":"DESKTOP-JBMPMGQ","ApplicationName":"WEBTest"}
{"@t":"2026-02-03T12:01:33.9394590Z","@mt":"HTTP {RequestMethod} {RequestPath} responded {StatusCode} in {Elapsed:0.0000} ms","@r":["79.6031"],"@tr":"f280e5e57c6a2569d21d98610c008ef2","@sp":"ff3dc48e6a79d98f","RequestMethod":"GET","RequestPath":"/lib/jquery-validation/dist/jquery.validate.min.js","StatusCode":200,"Elapsed":79.6031,"SourceContext":"Serilog.AspNetCore.RequestLoggingMiddleware","RequestId":"0HNJ33FR3QCLE:00000011","ConnectionId":"0HNJ33FR3QCLE","ThreadId":6,"MachineName":"DESKTOP-JBMPMGQ","ApplicationName":"WEBTest"}
{"@t":"2026-02-03T12:01:33.9506342Z","@mt":"HTTP {RequestMethod} {RequestPath} responded {StatusCode} in {Elapsed:0.0000} ms","@r":["103.3125"],"@tr":"0a5d59802d7d7785e24c1079d1a11f19","@sp":"f7fd133c20337906","RequestMethod":"GET","RequestPath":"/lib/jquery/dist/jquery.min.js","StatusCode":200,"Elapsed":103.3125,"SourceContext":"Serilog.AspNetCore.RequestLoggingMiddleware","RequestId":"0HNJ33FR3QCLE:00000009","ConnectionId":"0HNJ33FR3QCLE","ThreadId":7,"MachineName":"DESKTOP-JBMPMGQ","ApplicationName":"WEBTest"}
