{"@t":"2026-01-22T07:05:20.4836474Z","@mt":"No store type was specified for the decimal property '{property}' on entity type '{entityType}'. This will cause values to be silently truncated if they do not fit in the default precision and scale. Explicitly specify the SQL server column type that can accommodate all the values in 'OnModelCreating' using 'HasColumnType', specify precision and scale using 'HasPrecision', or configure a value converter using 'HasConversion'.","@l":"Warning","@tr":"0b672cde371087962540721e5d5c06f8","@sp":"07809f28508a4e48","property":"Cost","entityType":"Product","EventId":{"Id":30000,"Name":"Microsoft.EntityFrameworkCore.Model.Validation.DecimalTypeDefaultWarning"},"SourceContext":"Microsoft.EntityFrameworkCore.Model.Validation","ActionId":"faf907c4-5987-4726-9bd5-f3eeb5f5016d","ActionName":"WEBtest.Controllers.HomeController.Index (WEBtest)","RequestId":"0HNIPGICCF02S:00000001","RequestPath":"/","ConnectionId":"0HNIPGICCF02S","ThreadId":13,"MachineName":"DESKTOP-JBMPMGQ","ApplicationName":"WEBTest"}
{"@t":"2026-01-22T07:05:24.7253291Z","@mt":"HTTP {RequestMethod} {RequestPath} responded {StatusCode} in {Elapsed:0.0000} ms","@r":["5510.0310"],"@tr":"0b672cde371087962540721e5d5c06f8","@sp":"07809f28508a4e48","RequestMethod":"GET","RequestPath":"/","StatusCode":200,"Elapsed":5510.031,"SourceContext":"Serilog.AspNetCore.RequestLoggingMiddleware","RequestId":"0HNIPGICCF02S:00000001","ConnectionId":"0HNIPGICCF02S","ThreadId":10,"MachineName":"DESKTOP-JBMPMGQ","ApplicationName":"WEBTest"}
{"@t":"2026-01-22T07:05:24.8676583Z","@mt":"HTTP {RequestMethod} {RequestPath} responded {StatusCode} in {Elapsed:0.0000} ms","@r":["18.5494"],"@tr":"cd39d36d164406681c5599630bb06054","@sp":"02882c45b28a5d31","RequestMethod":"GET","RequestPath":"/lib/bootstrap/dist/css/bootstrap.min.css","StatusCode":304,"Elapsed":18.5494,"SourceContext":"Serilog.AspNetCore.RequestLoggingMiddleware","RequestId":"0HNIPGICCF02S:00000003","ConnectionId":"0HNIPGICCF02S","ThreadId":12,"MachineName":"DESKTOP-JBMPMGQ","ApplicationName":"WEBTest"}
{"@t":"2026-01-22T07:05:24.8676406Z","@mt":"HTTP {RequestMethod} {RequestPath} responded {StatusCode} in {Elapsed:0.0000} ms","@r":["18.5205"],"@tr":"fe923e8cbef83c38d9ae95a00365b888","@sp":"c9cab41f0f1df4b8","RequestMethod":"GET","RequestPath":"/lib/bootstrap/dist/js/bootstrap.bundle.min.js","StatusCode":304,"Elapsed":18.5205,"SourceContext":"Serilog.AspNetCore.RequestLoggingMiddleware","RequestId":"0HNIPGICCF02S:00000007","ConnectionId":"0HNIPGICCF02S","ThreadId":5,"MachineName":"DESKTOP-JBMPMGQ","ApplicationName":"WEBTest"}
{"@t":"2026-01-22T07:05:24.8689716Z","@mt":"HTTP {RequestMethod} {RequestPath} responded {StatusCode} in {Elapsed:0.0000} ms","@r":["0.3660"],"@tr":"c44ebaf04a6891d8cd8172b5f67f6aa4","@sp":"100e35397b8dec3c","RequestMethod":"GET","RequestPath":"/WEBtest.styles.css","StatusCode":304,"Elapsed":0.366,"SourceContext":"Serilog.AspNetCore.RequestLoggingMiddleware","RequestId":"0HNIPGICCF02S:0000000B","ConnectionId":"0HNIPGICCF02S","ThreadId":7,"MachineName":"DESKTOP-JBMPMGQ","ApplicationName":"WEBTest"}
{"@t":"2026-01-22T07:05:24.8676390Z","@mt":"HTTP {RequestMethod} {RequestPath} responded {StatusCode} in {Elapsed:0.0000} ms","@r":["18.5106"],"@tr":"8b4b6a51f6c89cd8fcd4355c338380ac","@sp":"63627a2a452bc405","RequestMethod":"GET","RequestPath":"/lib/jquery/dist/jquery.min.js","StatusCode":304,"Elapsed":18.5106,"SourceContext":"Serilog.AspNetCore.RequestLoggingMiddleware","RequestId":"0HNIPGICCF02S:0000000D","ConnectionId":"0HNIPGICCF02S","ThreadId":9,"MachineName":"DESKTOP-JBMPMGQ","ApplicationName":"WEBTest"}
{"@t":"2026-01-22T07:05:24.8689716Z","@mt":"HTTP {RequestMethod} {RequestPath} responded {StatusCode} in {Elapsed:0.0000} ms","@r":["0.3665"],"@tr":"01db9cb84ac4684c04d127f54c642cd1","@sp":"c6be482a6de63cb1","RequestMethod":"GET","RequestPath":"/css/site.css","StatusCode":304,"Elapsed":0.3665,"SourceContext":"Serilog.AspNetCore.RequestLoggingMiddleware","RequestId":"0HNIPGICCF02S:00000009","ConnectionId":"0HNIPGICCF02S","ThreadId":10,"MachineName":"DESKTOP-JBMPMGQ","ApplicationName":"WEBTest"}
{"@t":"2026-01-22T07:05:24.8693902Z","@mt":"HTTP {RequestMethod} {RequestPath} responded {StatusCode} in {Elapsed:0.0000} ms","@r":["9.0843"],"@tr":"7ffb2af49b406ed77411060a6c15be81","@sp":"d1ba9bca62907742","RequestMethod":"GET","RequestPath":"/img/anyProduct.png","StatusCode":404,"Elapsed":9.0843,"SourceContext":"Serilog.AspNetCore.RequestLoggingMiddleware","RequestId":"0HNIPGICCF02S:0000000F","ConnectionId":"0HNIPGICCF02S","ThreadId":16,"MachineName":"DESKTOP-JBMPMGQ","ApplicationName":"WEBTest"}
{"@t":"2026-01-22T07:05:24.8710302Z","@mt":"HTTP {RequestMethod} {RequestPath} responded {StatusCode} in {Elapsed:0.0000} ms","@r":["0.2990"],"@tr":"b3afde6081a639629681683cb81d05b8","@sp":"d1db42c32163c577","RequestMethod":"GET","RequestPath":"/js/site.js","StatusCode":304,"Elapsed":0.299,"SourceContext":"Serilog.AspNetCore.RequestLoggingMiddleware","RequestId":"0HNIPGICCF02S:00000011","ConnectionId":"0HNIPGICCF02S","ThreadId":12,"MachineName":"DESKTOP-JBMPMGQ","ApplicationName":"WEBTest"}
{"@t":"2026-01-22T07:05:24.8739339Z","@mt":"HTTP {RequestMethod} {RequestPath} responded {StatusCode} in {Elapsed:0.0000} ms","@r":["0.2052"],"@tr":"d9396e0a851dac026300211e6cae130d","@sp":"ede71f628a30c185","RequestMethod":"GET","RequestPath":"/lib/jquery-validation/dist/jquery.validate.min.js","StatusCode":304,"Elapsed":0.2052,"SourceContext":"Serilog.AspNetCore.RequestLoggingMiddleware","RequestId":"0HNIPGICCF02S:00000013","ConnectionId":"0HNIPGICCF02S","ThreadId":5,"MachineName":"DESKTOP-JBMPMGQ","ApplicationName":"WEBTest"}
{"@t":"2026-01-22T07:05:24.8761014Z","@mt":"HTTP {RequestMethod} {RequestPath} responded {StatusCode} in {Elapsed:0.0000} ms","@r":["0.1916"],"@tr":"f5a3515c9c713d8fcbc4e53d429d8d3a","@sp":"e79cefd43e920191","RequestMethod":"GET","RequestPath":"/lib/jquery-validation-unobtrusive/jquery.validate.unobtrusive.min.js","StatusCode":304,"Elapsed":0.1916,"SourceContext":"Serilog.AspNetCore.RequestLoggingMiddleware","RequestId":"0HNIPGICCF02S:00000015","ConnectionId":"0HNIPGICCF02S","ThreadId":7,"MachineName":"DESKTOP-JBMPMGQ","ApplicationName":"WEBTest"}
{"@t":"2026-01-22T07:05:25.1769240Z","@mt":"HTTP {RequestMethod} {RequestPath} responded {StatusCode} in {Elapsed:0.0000} ms","@r":["0.3732"],"@tr":"09c5d744aa881977081597e668fe2bd2","@sp":"910de2dc4722796e","RequestMethod":"GET","RequestPath":"/favicon.ico","StatusCode":304,"Elapsed":0.3732,"SourceContext":"Serilog.AspNetCore.RequestLoggingMiddleware","RequestId":"0HNIPGICCF02S:00000019","ConnectionId":"0HNIPGICCF02S","ThreadId":16,"MachineName":"DESKTOP-JBMPMGQ","ApplicationName":"WEBTest"}
{"@t":"2026-01-22T07:05:31.8261786Z","@mt":"HTTP {RequestMethod} {RequestPath} responded {StatusCode} in {Elapsed:0.0000} ms","@r":["77.8225"],"@tr":"d852742d32a9b888e076563741e0d6bf","@sp":"da4eb33eaa099a12","RequestMethod":"GET","RequestPath":"/Admin/Order","StatusCode":200,"Elapsed":77.8225,"SourceContext":"Serilog.AspNetCore.RequestLoggingMiddleware","RequestId":"0HNIPGICCF02S:0000001B","ConnectionId":"0HNIPGICCF02S","ThreadId":5,"MachineName":"DESKTOP-JBMPMGQ","ApplicationName":"WEBTest"}
{"@t":"2026-01-22T07:05:34.1588651Z","@mt":"HTTP {RequestMethod} {RequestPath} responded {StatusCode} in {Elapsed:0.0000} ms","@r":["103.3793"],"@tr":"0f4ac251fc1892b83e6aa0aaf35cae2f","@sp":"1d282ea6452e9666","RequestMethod":"GET","RequestPath":"/","StatusCode":200,"Elapsed":103.3793,"SourceContext":"Serilog.AspNetCore.RequestLoggingMiddleware","RequestId":"0HNIPGICCF02S:00000021","ConnectionId":"0HNIPGICCF02S","ThreadId":9,"MachineName":"DESKTOP-JBMPMGQ","ApplicationName":"WEBTest"}
{"@t":"2026-01-22T07:05:34.2225815Z","@mt":"HTTP {RequestMethod} {RequestPath} responded {StatusCode} in {Elapsed:0.0000} ms","@r":["0.7940"],"@tr":"c1edd7dd93adf2b324a2662c257afaa1","@sp":"7f1ab5efba1936cc","RequestMethod":"GET","RequestPath":"/img/anyProduct.png","StatusCode":404,"Elapsed":0.794,"SourceContext":"Serilog.AspNetCore.RequestLoggingMiddleware","RequestId":"0HNIPGICCF02S:00000023","ConnectionId":"0HNIPGICCF02S","ThreadId":9,"MachineName":"DESKTOP-JBMPMGQ","ApplicationName":"WEBTest"}
{"@t":"2026-01-22T07:05:36.7682595Z","@mt":"HTTP {RequestMethod} {RequestPath} responded {StatusCode} in {Elapsed:0.0000} ms","@r":["338.2783"],"@tr":"38f421533bda94a1c7e9f0c5d14ffaf8","@sp":"5217acb33bae3d05","RequestMethod":"GET","RequestPath":"/Cart/Add","StatusCode":302,"Elapsed":338.2783,"SourceContext":"Serilog.AspNetCore.RequestLoggingMiddleware","RequestId":"0HNIPGICCF02S:00000029","ConnectionId":"0HNIPGICCF02S","ThreadId":16,"MachineName":"DESKTOP-JBMPMGQ","ApplicationName":"WEBTest"}
{"@t":"2026-01-22T07:05:36.8694010Z","@mt":"HTTP {RequestMethod} {RequestPath} responded {StatusCode} in {Elapsed:0.0000} ms","@r":["82.7451"],"@tr":"ee74ddf385f0411af1bc797aa6a49d4d","@sp":"79f69df0e41b97f7","RequestMethod":"GET","RequestPath":"/Cart","StatusCode":200,"Elapsed":82.7451,"SourceContext":"Serilog.AspNetCore.RequestLoggingMiddleware","RequestId":"0HNIPGICCF02S:0000002B","ConnectionId":"0HNIPGICCF02S","ThreadId":16,"MachineName":"DESKTOP-JBMPMGQ","ApplicationName":"WEBTest"}
{"@t":"2026-01-22T07:05:40.1570556Z","@mt":"HTTP {RequestMethod} {RequestPath} responded {StatusCode} in {Elapsed:0.0000} ms","@r":["14.9162"],"@tr":"7b1bc8a75add6c85e20e5f37cc605541","@sp":"b67e573794a29d02","RequestMethod":"GET","RequestPath":"/","StatusCode":200,"Elapsed":14.9162,"SourceContext":"Serilog.AspNetCore.RequestLoggingMiddleware","RequestId":"0HNIPGICCF02S:00000031","ConnectionId":"0HNIPGICCF02S","ThreadId":13,"MachineName":"DESKTOP-JBMPMGQ","ApplicationName":"WEBTest"}
{"@t":"2026-01-22T07:05:40.2337197Z","@mt":"HTTP {RequestMethod} {RequestPath} responded {StatusCode} in {Elapsed:0.0000} ms","@r":["0.3447"],"@tr":"ea12e2276179f29f96dbd4ebc4dd9b78","@sp":"29551374c5cc2fec","RequestMethod":"GET","RequestPath":"/img/anyProduct.png","StatusCode":404,"Elapsed":0.3447,"SourceContext":"Serilog.AspNetCore.RequestLoggingMiddleware","RequestId":"0HNIPGICCF02S:00000033","ConnectionId":"0HNIPGICCF02S","ThreadId":12,"MachineName":"DESKTOP-JBMPMGQ","ApplicationName":"WEBTest"}
{"@t":"2026-01-22T07:05:40.9218736Z","@mt":"HTTP {RequestMethod} {RequestPath} responded {StatusCode} in {Elapsed:0.0000} ms","@r":["23.3189"],"@tr":"5ed305247fb9e56ff02d6dc5f2f5eb1d","@sp":"7476117ae8ab9e6c","RequestMethod":"GET","RequestPath":"/Cart/Add","StatusCode":302,"Elapsed":23.3189,"SourceContext":"Serilog.AspNetCore.RequestLoggingMiddleware","RequestId":"0HNIPGICCF02S:00000039","ConnectionId":"0HNIPGICCF02S","ThreadId":16,"MachineName":"DESKTOP-JBMPMGQ","ApplicationName":"WEBTest"}
{"@t":"2026-01-22T07:05:40.9515103Z","@mt":"HTTP {RequestMethod} {RequestPath} responded {StatusCode} in {Elapsed:0.0000} ms","@r":["16.2416"],"@tr":"d0713f9eaae00a05401578de0880bc68","@sp":"28ab6931c65dfa1e","RequestMethod":"GET","RequestPath":"/Cart","StatusCode":200,"Elapsed":16.2416,"SourceContext":"Serilog.AspNetCore.RequestLoggingMiddleware","RequestId":"0HNIPGICCF02S:0000003B","ConnectionId":"0HNIPGICCF02S","ThreadId":10,"MachineName":"DESKTOP-JBMPMGQ","ApplicationName":"WEBTest"}
{"@t":"2026-01-22T07:05:56.7830648Z","@mt":"HTTP {RequestMethod} {RequestPath} responded {StatusCode} in {Elapsed:0.0000} ms","@r":["138.8985"],"@tr":"04a137c475096f96a48e673ab167163e","@sp":"f8ba5c1101de26ba","RequestMethod":"GET","RequestPath":"/Order","StatusCode":200,"Elapsed":138.8985,"SourceContext":"Serilog.AspNetCore.RequestLoggingMiddleware","RequestId":"0HNIPGICCF02S:00000041","ConnectionId":"0HNIPGICCF02S","ThreadId":16,"MachineName":"DESKTOP-JBMPMGQ","ApplicationName":"WEBTest"}
{"@t":"2026-01-22T07:06:29.8982654Z","@mt":"HTTP {RequestMethod} {RequestPath} responded {StatusCode} in {Elapsed:0.0000} ms","@r":["180.5197"],"@tr":"4d2e9d0c814735598804bab11223c4a3","@sp":"08516ad27895e897","RequestMethod":"POST","RequestPath":"/Order/Buy","StatusCode":302,"Elapsed":180.5197,"SourceContext":"Serilog.AspNetCore.RequestLoggingMiddleware","RequestId":"0HNIPGICCF02S:00000047","ConnectionId":"0HNIPGICCF02S","ThreadId":16,"MachineName":"DESKTOP-JBMPMGQ","ApplicationName":"WEBTest"}
{"@t":"2026-01-22T07:06:29.9914317Z","@mt":"HTTP {RequestMethod} {RequestPath} responded {StatusCode} in {Elapsed:0.0000} ms","@r":["46.9272"],"@tr":"11616ce185d484ae94e8693b5833bfaf","@sp":"4ecdb06c8951bd7e","RequestMethod":"GET","RequestPath":"/Order/Success","StatusCode":200,"Elapsed":46.9272,"SourceContext":"Serilog.AspNetCore.RequestLoggingMiddleware","RequestId":"0HNIPGICCF02S:00000049","ConnectionId":"0HNIPGICCF02S","ThreadId":12,"MachineName":"DESKTOP-JBMPMGQ","ApplicationName":"WEBTest"}
{"@t":"2026-01-22T07:06:31.6460022Z","@mt":"HTTP {RequestMethod} {RequestPath} responded {StatusCode} in {Elapsed:0.0000} ms","@r":["14.4669"],"@tr":"206564042d0368c0130aa65b01dedec4","@sp":"8b7c5dee517d038e","RequestMethod":"GET","RequestPath":"/","StatusCode":200,"Elapsed":14.4669,"SourceContext":"Serilog.AspNetCore.RequestLoggingMiddleware","RequestId":"0HNIPGICCF02S:0000004F","ConnectionId":"0HNIPGICCF02S","ThreadId":10,"MachineName":"DESKTOP-JBMPMGQ","ApplicationName":"WEBTest"}
{"@t":"2026-01-22T07:06:31.7337162Z","@mt":"HTTP {RequestMethod} {RequestPath} responded {StatusCode} in {Elapsed:0.0000} ms","@r":["0.7979"],"@tr":"fc29ad930fede4bf0844957858d13722","@sp":"27da46de66fe927c","RequestMethod":"GET","RequestPath":"/img/anyProduct.png","StatusCode":404,"Elapsed":0.7979,"SourceContext":"Serilog.AspNetCore.RequestLoggingMiddleware","RequestId":"0HNIPGICCF02S:00000053","ConnectionId":"0HNIPGICCF02S","ThreadId":10,"MachineName":"DESKTOP-JBMPMGQ","ApplicationName":"WEBTest"}
{"@t":"2026-01-22T07:06:32.7781365Z","@mt":"HTTP {RequestMethod} {RequestPath} responded {StatusCode} in {Elapsed:0.0000} ms","@r":["28.6831"],"@tr":"0ccfa5f659b9b1065f148625bbf93d5d","@sp":"1278050e3879f98f","RequestMethod":"GET","RequestPath":"/Admin/Order","StatusCode":200,"Elapsed":28.6831,"SourceContext":"Serilog.AspNetCore.RequestLoggingMiddleware","RequestId":"0HNIPGICCF02S:00000057","ConnectionId":"0HNIPGICCF02S","ThreadId":20,"MachineName":"DESKTOP-JBMPMGQ","ApplicationName":"WEBTest"}
{"@t":"2026-01-22T07:06:38.5484166Z","@mt":"HTTP {RequestMethod} {RequestPath} responded {StatusCode} in {Elapsed:0.0000} ms","@r":["40.6205"],"@tr":"287df1c3b616def584370d8f5e679367","@sp":"3693a0c4263a016e","RequestMethod":"GET","RequestPath":"/Admin/Order/Detail","StatusCode":200,"Elapsed":40.6205,"SourceContext":"Serilog.AspNetCore.RequestLoggingMiddleware","RequestId":"0HNIPGICCF02S:0000005D","ConnectionId":"0HNIPGICCF02S","ThreadId":12,"MachineName":"DESKTOP-JBMPMGQ","ApplicationName":"WEBTest"}
{"@t":"2026-01-22T07:06:47.0287807Z","@mt":"HTTP {RequestMethod} {RequestPath} responded {StatusCode} in {Elapsed:0.0000} ms","@r":["10.6615"],"@tr":"df911fa10aa73537e687e613138de4c3","@sp":"49165dcfb7ff1688","RequestMethod":"POST","RequestPath":"/Admin/Order/UpdateStatus","StatusCode":302,"Elapsed":10.6615,"SourceContext":"Serilog.AspNetCore.RequestLoggingMiddleware","RequestId":"0HNIPGICCF02S:00000063","ConnectionId":"0HNIPGICCF02S","ThreadId":5,"MachineName":"DESKTOP-JBMPMGQ","ApplicationName":"WEBTest"}
{"@t":"2026-01-22T07:06:47.0727518Z","@mt":"HTTP {RequestMethod} {RequestPath} responded {StatusCode} in {Elapsed:0.0000} ms","@r":["13.6633"],"@tr":"4b986b4459debe3675925fb9eb3cf3ab","@sp":"9d5ab6d4109deb7d","RequestMethod":"GET","RequestPath":"/Admin/Order","StatusCode":200,"Elapsed":13.6633,"SourceContext":"Serilog.AspNetCore.RequestLoggingMiddleware","RequestId":"0HNIPGICCF02S:00000065","ConnectionId":"0HNIPGICCF02S","ThreadId":16,"MachineName":"DESKTOP-JBMPMGQ","ApplicationName":"WEBTest"}
{"@t":"2026-01-22T07:06:57.8201785Z","@mt":"HTTP {RequestMethod} {RequestPath} responded {StatusCode} in {Elapsed:0.0000} ms","@r":["14.0951"],"@tr":"ee6a9ecf34f9d663fff033ccdc49ba4e","@sp":"5b1828644e20a58f","RequestMethod":"GET","RequestPath":"/Cart","StatusCode":200,"Elapsed":14.0951,"SourceContext":"Serilog.AspNetCore.RequestLoggingMiddleware","RequestId":"0HNIPGICCF02S:0000006B","ConnectionId":"0HNIPGICCF02S","ThreadId":16,"MachineName":"DESKTOP-JBMPMGQ","ApplicationName":"WEBTest"}
{"@t":"2026-01-22T07:06:59.1213996Z","@mt":"HTTP {RequestMethod} {RequestPath} responded {StatusCode} in {Elapsed:0.0000} ms","@r":["13.4928"],"@tr":"2cfd9df73e197e3d24ee9391c0b8f54e","@sp":"f888445441fa2c67","RequestMethod":"GET","RequestPath":"/","StatusCode":200,"Elapsed":13.4928,"SourceContext":"Serilog.AspNetCore.RequestLoggingMiddleware","RequestId":"0HNIPGICCF02S:00000071","ConnectionId":"0HNIPGICCF02S","ThreadId":5,"MachineName":"DESKTOP-JBMPMGQ","ApplicationName":"WEBTest"}
{"@t":"2026-01-22T07:06:59.1811442Z","@mt":"HTTP {RequestMethod} {RequestPath} responded {StatusCode} in {Elapsed:0.0000} ms","@r":["0.3924"],"@tr":"fef99bcf573c669340bfbcf21221f3bb","@sp":"4fa338a9841eacc4","RequestMethod":"GET","RequestPath":"/img/anyProduct.png","StatusCode":404,"Elapsed":0.3924,"SourceContext":"Serilog.AspNetCore.RequestLoggingMiddleware","RequestId":"0HNIPGICCF02S:00000073","ConnectionId":"0HNIPGICCF02S","ThreadId":21,"MachineName":"DESKTOP-JBMPMGQ","ApplicationName":"WEBTest"}
{"@t":"2026-01-22T07:07:00.2166322Z","@mt":"HTTP {RequestMethod} {RequestPath} responded {StatusCode} in {Elapsed:0.0000} ms","@r":["11.8495"],"@tr":"99d6ff673f5ee15f94ac8390f7b3fac1","@sp":"539282c848a515d9","RequestMethod":"GET","RequestPath":"/Cart/Add","StatusCode":302,"Elapsed":11.8495,"SourceContext":"Serilog.AspNetCore.RequestLoggingMiddleware","RequestId":"0HNIPGICCF02S:00000079","ConnectionId":"0HNIPGICCF02S","ThreadId":16,"MachineName":"DESKTOP-JBMPMGQ","ApplicationName":"WEBTest"}
{"@t":"2026-01-22T07:07:00.2457922Z","@mt":"HTTP {RequestMethod} {RequestPath} responded {StatusCode} in {Elapsed:0.0000} ms","@r":["13.5213"],"@tr":"b2da0947ce11e95eb095878cc070c3e8","@sp":"fdf00e389d6337b4","RequestMethod":"GET","RequestPath":"/Cart","StatusCode":200,"Elapsed":13.5213,"SourceContext":"Serilog.AspNetCore.RequestLoggingMiddleware","RequestId":"0HNIPGICCF02S:0000007B","ConnectionId":"0HNIPGICCF02S","ThreadId":19,"MachineName":"DESKTOP-JBMPMGQ","ApplicationName":"WEBTest"}
{"@t":"2026-01-22T07:07:02.4290487Z","@mt":"HTTP {RequestMethod} {RequestPath} responded {StatusCode} in {Elapsed:0.0000} ms","@r":["13.8619"],"@tr":"d0566173209db413725cd77268e58a1e","@sp":"6f406406179557bf","RequestMethod":"GET","RequestPath":"/","StatusCode":200,"Elapsed":13.8619,"SourceContext":"Serilog.AspNetCore.RequestLoggingMiddleware","RequestId":"0HNIPGICCF02S:00000081","ConnectionId":"0HNIPGICCF02S","ThreadId":19,"MachineName":"DESKTOP-JBMPMGQ","ApplicationName":"WEBTest"}
{"@t":"2026-01-22T07:07:02.5194847Z","@mt":"HTTP {RequestMethod} {RequestPath} responded {StatusCode} in {Elapsed:0.0000} ms","@r":["0.3086"],"@tr":"93de1e0ccc6d3b56042f2fe403c9aa70","@sp":"bf4e7913dfc089d3","RequestMethod":"GET","RequestPath":"/img/anyProduct.png","StatusCode":404,"Elapsed":0.3086,"SourceContext":"Serilog.AspNetCore.RequestLoggingMiddleware","RequestId":"0HNIPGICCF02S:00000083","ConnectionId":"0HNIPGICCF02S","ThreadId":12,"MachineName":"DESKTOP-JBMPMGQ","ApplicationName":"WEBTest"}
{"@t":"2026-01-22T07:07:03.5159191Z","@mt":"HTTP {RequestMethod} {RequestPath} responded {StatusCode} in {Elapsed:0.0000} ms","@r":["9.4061"],"@tr":"1632ce5477499fa016599d14ba0f3be1","@sp":"f01e971c40b5047c","RequestMethod":"GET","RequestPath":"/Cart/Add","StatusCode":302,"Elapsed":9.4061,"SourceContext":"Serilog.AspNetCore.RequestLoggingMiddleware","RequestId":"0HNIPGICCF02S:00000089","ConnectionId":"0HNIPGICCF02S","ThreadId":16,"MachineName":"DESKTOP-JBMPMGQ","ApplicationName":"WEBTest"}
{"@t":"2026-01-22T07:07:03.5485305Z","@mt":"HTTP {RequestMethod} {RequestPath} responded {StatusCode} in {Elapsed:0.0000} ms","@r":["15.0585"],"@tr":"a767f691c6c87f08e6e76857ce467dd1","@sp":"14d6432e13338943","RequestMethod":"GET","RequestPath":"/Cart","StatusCode":200,"Elapsed":15.0585,"SourceContext":"Serilog.AspNetCore.RequestLoggingMiddleware","RequestId":"0HNIPGICCF02S:0000008B","ConnectionId":"0HNIPGICCF02S","ThreadId":20,"MachineName":"DESKTOP-JBMPMGQ","ApplicationName":"WEBTest"}
{"@t":"2026-01-22T07:07:05.2338686Z","@mt":"HTTP {RequestMethod} {RequestPath} responded {StatusCode} in {Elapsed:0.0000} ms","@r":["14.1467"],"@tr":"363f3be7d67695a39a5c989672371e17","@sp":"90c40aec8c946bf0","RequestMethod":"GET","RequestPath":"/","StatusCode":200,"Elapsed":14.1467,"SourceContext":"Serilog.AspNetCore.RequestLoggingMiddleware","RequestId":"0HNIPGICCF02S:00000091","ConnectionId":"0HNIPGICCF02S","ThreadId":21,"MachineName":"DESKTOP-JBMPMGQ","ApplicationName":"WEBTest"}
{"@t":"2026-01-22T07:07:05.2990312Z","@mt":"HTTP {RequestMethod} {RequestPath} responded {StatusCode} in {Elapsed:0.0000} ms","@r":["0.3110"],"@tr":"97920c6401d960fadf52039892b6e357","@sp":"8a08e3373143a055","RequestMethod":"GET","RequestPath":"/img/anyProduct.png","StatusCode":404,"Elapsed":0.311,"SourceContext":"Serilog.AspNetCore.RequestLoggingMiddleware","RequestId":"0HNIPGICCF02S:00000093","ConnectionId":"0HNIPGICCF02S","ThreadId":12,"MachineName":"DESKTOP-JBMPMGQ","ApplicationName":"WEBTest"}
{"@t":"2026-01-22T07:07:05.9606560Z","@mt":"HTTP {RequestMethod} {RequestPath} responded {StatusCode} in {Elapsed:0.0000} ms","@r":["58.1949"],"@tr":"dbf93eefd43e257363b5d186fabca6ca","@sp":"fc225cb0f9513e6b","RequestMethod":"GET","RequestPath":"/Favourite/Add","StatusCode":302,"Elapsed":58.1949,"SourceContext":"Serilog.AspNetCore.RequestLoggingMiddleware","RequestId":"0HNIPGICCF02S:00000099","ConnectionId":"0HNIPGICCF02S","ThreadId":16,"MachineName":"DESKTOP-JBMPMGQ","ApplicationName":"WEBTest"}
{"@t":"2026-01-22T07:07:06.0107247Z","@mt":"HTTP {RequestMethod} {RequestPath} responded {StatusCode} in {Elapsed:0.0000} ms","@r":["33.5694"],"@tr":"c4fda2af72088009797957994f692740","@sp":"60e3b305c1a43ecf","RequestMethod":"GET","RequestPath":"/Favourite","StatusCode":200,"Elapsed":33.5694,"SourceContext":"Serilog.AspNetCore.RequestLoggingMiddleware","RequestId":"0HNIPGICCF02S:0000009B","ConnectionId":"0HNIPGICCF02S","ThreadId":20,"MachineName":"DESKTOP-JBMPMGQ","ApplicationName":"WEBTest"}
{"@t":"2026-01-22T07:07:06.0945033Z","@mt":"HTTP {RequestMethod} {RequestPath} responded {StatusCode} in {Elapsed:0.0000} ms","@r":["1.8030"],"@tr":"33f657e18401200a461279ff6d27dfb3","@sp":"4d4890fe86151601","RequestMethod":"GET","RequestPath":"/img/anyProduct.png","StatusCode":404,"Elapsed":1.803,"SourceContext":"Serilog.AspNetCore.RequestLoggingMiddleware","RequestId":"0HNIPGICCF02S:0000009D","ConnectionId":"0HNIPGICCF02S","ThreadId":19,"MachineName":"DESKTOP-JBMPMGQ","ApplicationName":"WEBTest"}
{"@t":"2026-01-22T07:07:19.3072934Z","@mt":"HTTP {RequestMethod} {RequestPath} responded {StatusCode} in {Elapsed:0.0000} ms","@r":["45.3814"],"@tr":"ebe1b107ebfd0306c2566afb04e3ad05","@sp":"1ab97c04f9b82b11","RequestMethod":"GET","RequestPath":"/Comparison","StatusCode":200,"Elapsed":45.3814,"SourceContext":"Serilog.AspNetCore.RequestLoggingMiddleware","RequestId":"0HNIPGICCF02S:000000A3","ConnectionId":"0HNIPGICCF02S","ThreadId":21,"MachineName":"DESKTOP-JBMPMGQ","ApplicationName":"WEBTest"}
{"@t":"2026-01-22T07:07:22.1368768Z","@mt":"HTTP {RequestMethod} {RequestPath} responded {StatusCode} in {Elapsed:0.0000} ms","@r":["13.5780"],"@tr":"9432a8fd4637c5f3b8f8f7ff528e7d0a","@sp":"2cbffbbacc77845c","RequestMethod":"GET","RequestPath":"/Favourite","StatusCode":200,"Elapsed":13.578,"SourceContext":"Serilog.AspNetCore.RequestLoggingMiddleware","RequestId":"0HNIPGICCF02S:000000A9","ConnectionId":"0HNIPGICCF02S","ThreadId":20,"MachineName":"DESKTOP-JBMPMGQ","ApplicationName":"WEBTest"}
{"@t":"2026-01-22T07:07:22.2104376Z","@mt":"HTTP {RequestMethod} {RequestPath} responded {StatusCode} in {Elapsed:0.0000} ms","@r":["0.2862"],"@tr":"8dfbbb8ef3dc324fd537bc309633d831","@sp":"2304cd1cc64135bd","RequestMethod":"GET","RequestPath":"/img/anyProduct.png","StatusCode":404,"Elapsed":0.2862,"SourceContext":"Serilog.AspNetCore.RequestLoggingMiddleware","RequestId":"0HNIPGICCF02S:000000AB","ConnectionId":"0HNIPGICCF02S","ThreadId":20,"MachineName":"DESKTOP-JBMPMGQ","ApplicationName":"WEBTest"}
{"@t":"2026-01-22T07:07:25.4505058Z","@mt":"HTTP {RequestMethod} {RequestPath} responded {StatusCode} in {Elapsed:0.0000} ms","@r":["12.5596"],"@tr":"e1a719a286e114515c5c2606716e6a33","@sp":"c26d4b0accb3415b","RequestMethod":"GET","RequestPath":"/","StatusCode":200,"Elapsed":12.5596,"SourceContext":"Serilog.AspNetCore.RequestLoggingMiddleware","RequestId":"0HNIPGICCF02S:000000B1","ConnectionId":"0HNIPGICCF02S","ThreadId":21,"MachineName":"DESKTOP-JBMPMGQ","ApplicationName":"WEBTest"}
{"@t":"2026-01-22T07:07:25.5077746Z","@mt":"HTTP {RequestMethod} {RequestPath} responded {StatusCode} in {Elapsed:0.0000} ms","@r":["0.2691"],"@tr":"897870f410f77ba8d29ffaa365f107d5","@sp":"9af8f37eee23bd22","RequestMethod":"GET","RequestPath":"/img/anyProduct.png","StatusCode":404,"Elapsed":0.2691,"SourceContext":"Serilog.AspNetCore.RequestLoggingMiddleware","RequestId":"0HNIPGICCF02S:000000B3","ConnectionId":"0HNIPGICCF02S","ThreadId":20,"MachineName":"DESKTOP-JBMPMGQ","ApplicationName":"WEBTest"}
{"@t":"2026-01-22T07:08:50.2556144Z","@mt":"HTTP {RequestMethod} {RequestPath} responded {StatusCode} in {Elapsed:0.0000} ms","@r":["20.8241"],"@tr":"c259decef7ef7cb93f091b5837af0651","@sp":"d24f58d2c2126a8c","RequestMethod":"GET","RequestPath":"/","StatusCode":200,"Elapsed":20.8241,"SourceContext":"Serilog.AspNetCore.RequestLoggingMiddleware","RequestId":"0HNIPGICCF02S:000000B9","ConnectionId":"0HNIPGICCF02S","ThreadId":20,"MachineName":"DESKTOP-JBMPMGQ","ApplicationName":"WEBTest"}
{"@t":"2026-01-22T07:08:50.3109765Z","@mt":"HTTP {RequestMethod} {RequestPath} responded {StatusCode} in {Elapsed:0.0000} ms","@r":["0.2052"],"@tr":"306bcc02fcacc7872813ec2436754bb7","@sp":"c0d10d3b62dad39e","RequestMethod":"GET","RequestPath":"/img/anyProduct.png","StatusCode":404,"Elapsed":0.2052,"SourceContext":"Serilog.AspNetCore.RequestLoggingMiddleware","RequestId":"0HNIPGICCF02S:000000BD","ConnectionId":"0HNIPGICCF02S","ThreadId":21,"MachineName":"DESKTOP-JBMPMGQ","ApplicationName":"WEBTest"}
{"@t":"2026-01-22T07:08:56.6610898Z","@mt":"HTTP {RequestMethod} {RequestPath} responded {StatusCode} in {Elapsed:0.0000} ms","@r":["25.0372"],"@tr":"620e85943ade4eb29ddd0e5902ffa553","@sp":"a288cd0b0854d4e4","RequestMethod":"GET","RequestPath":"/Home/Search","StatusCode":200,"Elapsed":25.0372,"SourceContext":"Serilog.AspNetCore.RequestLoggingMiddleware","RequestId":"0HNIPGICCF02S:000000C1","ConnectionId":"0HNIPGICCF02S","ThreadId":21,"MachineName":"DESKTOP-JBMPMGQ","ApplicationName":"WEBTest"}
{"@t":"2026-01-22T07:08:56.7280642Z","@mt":"HTTP {RequestMethod} {RequestPath} responded {StatusCode} in {Elapsed:0.0000} ms","@r":["0.2031"],"@tr":"26a6222c79457193a3e27064c385e609","@sp":"d7a25dc8bcbb73c3","RequestMethod":"GET","RequestPath":"/img/anyProduct.png","StatusCode":404,"Elapsed":0.2031,"SourceContext":"Serilog.AspNetCore.RequestLoggingMiddleware","RequestId":"0HNIPGICCF02S:000000C5","ConnectionId":"0HNIPGICCF02S","ThreadId":21,"MachineName":"DESKTOP-JBMPMGQ","ApplicationName":"WEBTest"}
{"@t":"2026-01-22T07:09:01.6788967Z","@mt":"HTTP {RequestMethod} {RequestPath} responded {StatusCode} in {Elapsed:0.0000} ms","@r":["9.3501"],"@tr":"c6d47f752c010ad91c7032a5cd4745a0","@sp":"3a6876fc7931a867","RequestMethod":"GET","RequestPath":"/Home/Search","StatusCode":200,"Elapsed":9.3501,"SourceContext":"Serilog.AspNetCore.RequestLoggingMiddleware","RequestId":"0HNIPGICCF02S:000000C9","ConnectionId":"0HNIPGICCF02S","ThreadId":25,"MachineName":"DESKTOP-JBMPMGQ","ApplicationName":"WEBTest"}
{"@t":"2026-01-22T07:09:01.7153182Z","@mt":"HTTP {RequestMethod} {RequestPath} responded {StatusCode} in {Elapsed:0.0000} ms","@r":["0.1632"],"@tr":"301968ac318968332770125c368c74bb","@sp":"7af2906e615384d0","RequestMethod":"GET","RequestPath":"/img/anyProduct.png","StatusCode":404,"Elapsed":0.1632,"SourceContext":"Serilog.AspNetCore.RequestLoggingMiddleware","RequestId":"0HNIPGICCF02S:000000CB","ConnectionId":"0HNIPGICCF02S","ThreadId":21,"MachineName":"DESKTOP-JBMPMGQ","ApplicationName":"WEBTest"}
{"@t":"2026-01-22T07:09:05.7637967Z","@mt":"HTTP {RequestMethod} {RequestPath} responded {StatusCode} in {Elapsed:0.0000} ms","@r":["12.3626"],"@tr":"cf1204d1ce9f98fdbc154da0f5c4cb52","@sp":"2c34b10137b456a1","RequestMethod":"GET","RequestPath":"/Home/Search","StatusCode":200,"Elapsed":12.3626,"SourceContext":"Serilog.AspNetCore.RequestLoggingMiddleware","RequestId":"0HNIPGICCF02S:000000D1","ConnectionId":"0HNIPGICCF02S","ThreadId":25,"MachineName":"DESKTOP-JBMPMGQ","ApplicationName":"WEBTest"}
{"@t":"2026-01-22T07:09:05.8326609Z","@mt":"HTTP {RequestMethod} {RequestPath} responded {StatusCode} in {Elapsed:0.0000} ms","@r":["0.2723"],"@tr":"bbb9cc0b3ff0a3c8558c1d0d0e1ff7dc","@sp":"e6565f0c9a707eac","RequestMethod":"GET","RequestPath":"/img/anyProduct.png","StatusCode":404,"Elapsed":0.2723,"SourceContext":"Serilog.AspNetCore.RequestLoggingMiddleware","RequestId":"0HNIPGICCF02S:000000D3","ConnectionId":"0HNIPGICCF02S","ThreadId":23,"MachineName":"DESKTOP-JBMPMGQ","ApplicationName":"WEBTest"}
