{"@t":"2026-01-05T10:25:42.0633364Z","@mt":"No store type was specified for the decimal property '{property}' on entity type '{entityType}'. This will cause values to be silently truncated if they do not fit in the default precision and scale. Explicitly specify the SQL server column type that can accommodate all the values in 'OnModelCreating' using 'HasColumnType', specify precision and scale using 'HasPrecision', or configure a value converter using 'HasConversion'.","@l":"Warning","@tr":"161cd31d0c4925f7ebfa68c50f3bbe9f","@sp":"726f2a84c725979a","property":"Cost","entityType":"Product","EventId":{"Id":30000,"Name":"Microsoft.EntityFrameworkCore.Model.Validation.DecimalTypeDefaultWarning"},"SourceContext":"Microsoft.EntityFrameworkCore.Model.Validation","ActionId":"4d97cd84-990b-4c59-ae78-cd876ac4f0f9","ActionName":"WEBtest.Controllers.HomeController.Index (WEBtest)","RequestId":"0HNIC8J1PIBSK:00000001","RequestPath":"/","ConnectionId":"0HNIC8J1PIBSK","ThreadId":13,"MachineName":"DESKTOP-JBMPMGQ","ApplicationName":"WEBTest"}
{"@t":"2026-01-05T10:29:26.2534832Z","@mt":"No store type was specified for the decimal property '{property}' on entity type '{entityType}'. This will cause values to be silently truncated if they do not fit in the default precision and scale. Explicitly specify the SQL server column type that can accommodate all the values in 'OnModelCreating' using 'HasColumnType', specify precision and scale using 'HasPrecision', or configure a value converter using 'HasConversion'.","@l":"Warning","@tr":"35279d16070b9b84eca90681c9a852ac","@sp":"ff70b77a360bb6e0","property":"Cost","entityType":"Product","EventId":{"Id":30000,"Name":"Microsoft.EntityFrameworkCore.Model.Validation.DecimalTypeDefaultWarning"},"SourceContext":"Microsoft.EntityFrameworkCore.Model.Validation","ActionId":"3a00e775-9cb9-42fa-991e-cb9b095ff949","ActionName":"WEBtest.Controllers.HomeController.Index (WEBtest)","RequestId":"0HNIC8L59KQU7:00000001","RequestPath":"/","ConnectionId":"0HNIC8L59KQU7","ThreadId":13,"MachineName":"DESKTOP-JBMPMGQ","ApplicationName":"WEBTest"}
{"@t":"2026-01-05T10:36:04.7450681Z","@mt":"No store type was specified for the decimal property '{property}' on entity type '{entityType}'. This will cause values to be silently truncated if they do not fit in the default precision and scale. Explicitly specify the SQL server column type that can accommodate all the values in 'OnModelCreating' using 'HasColumnType', specify precision and scale using 'HasPrecision', or configure a value converter using 'HasConversion'.","@l":"Warning","@tr":"da67bbeccf1eaa5a637d2765356dfd15","@sp":"11d2a0f68789195a","property":"Cost","entityType":"Product","EventId":{"Id":30000,"Name":"Microsoft.EntityFrameworkCore.Model.Validation.DecimalTypeDefaultWarning"},"SourceContext":"Microsoft.EntityFrameworkCore.Model.Validation","ActionId":"cb40e607-3db8-46a7-890e-033687c227b3","ActionName":"WEBtest.Controllers.HomeController.Index (WEBtest)","RequestId":"0HNIC8OR13T4H:00000001","RequestPath":"/","ConnectionId":"0HNIC8OR13T4H","ThreadId":12,"MachineName":"DESKTOP-JBMPMGQ","ApplicationName":"WEBTest"}
{"@t":"2026-01-05T10:36:05.4346562Z","@mt":"No store type was specified for the decimal property '{property}' on entity type '{entityType}'. This will cause values to be silently truncated if they do not fit in the default precision and scale. Explicitly specify the SQL server column type that can accommodate all the values in 'OnModelCreating' using 'HasColumnType', specify precision and scale using 'HasPrecision', or configure a value converter using 'HasConversion'.","@l":"Warning","@tr":"da67bbeccf1eaa5a637d2765356dfd15","@sp":"11d2a0f68789195a","property":"Cost","entityType":"Product","EventId":{"Id":30000,"Name":"Microsoft.EntityFrameworkCore.Model.Validation.DecimalTypeDefaultWarning"},"SourceContext":"Microsoft.EntityFrameworkCore.Model.Validation","ActionId":"cb40e607-3db8-46a7-890e-033687c227b3","ActionName":"WEBtest.Controllers.HomeController.Index (WEBtest)","RequestId":"0HNIC8OR13T4H:00000001","RequestPath":"/","ConnectionId":"0HNIC8OR13T4H","ThreadId":12,"MachineName":"DESKTOP-JBMPMGQ","ApplicationName":"WEBTest"}
{"@t":"2026-01-05T10:36:07.1162647Z","@mt":"HTTP {RequestMethod} {RequestPath} responded {StatusCode} in {Elapsed:0.0000} ms","@r":["2968.8445"],"@tr":"da67bbeccf1eaa5a637d2765356dfd15","@sp":"11d2a0f68789195a","RequestMethod":"GET","RequestPath":"/","StatusCode":200,"Elapsed":2968.8445,"SourceContext":"Serilog.AspNetCore.RequestLoggingMiddleware","RequestId":"0HNIC8OR13T4H:00000001","ConnectionId":"0HNIC8OR13T4H","ThreadId":13,"MachineName":"DESKTOP-JBMPMGQ","ApplicationName":"WEBTest"}
{"@t":"2026-01-05T10:36:07.2050373Z","@mt":"HTTP {RequestMethod} {RequestPath} responded {StatusCode} in {Elapsed:0.0000} ms","@r":["13.8242"],"@tr":"fc638a29b4a30e5f6362331754fc6a99","@sp":"34701d21a1082eb2","RequestMethod":"GET","RequestPath":"/lib/jquery/dist/jquery.min.js","StatusCode":304,"Elapsed":13.8242,"SourceContext":"Serilog.AspNetCore.RequestLoggingMiddleware","RequestId":"0HNIC8OR13T4H:00000007","ConnectionId":"0HNIC8OR13T4H","ThreadId":7,"MachineName":"DESKTOP-JBMPMGQ","ApplicationName":"WEBTest"}
{"@t":"2026-01-05T10:36:07.2050375Z","@mt":"HTTP {RequestMethod} {RequestPath} responded {StatusCode} in {Elapsed:0.0000} ms","@r":["13.8232"],"@tr":"ac49fd13d825021c7ef2358f86522971","@sp":"2e72015cdc16f23f","RequestMethod":"GET","RequestPath":"/lib/bootstrap/dist/css/bootstrap.min.css","StatusCode":304,"Elapsed":13.8232,"SourceContext":"Serilog.AspNetCore.RequestLoggingMiddleware","RequestId":"0HNIC8OR13T4H:00000003","ConnectionId":"0HNIC8OR13T4H","ThreadId":9,"MachineName":"DESKTOP-JBMPMGQ","ApplicationName":"WEBTest"}
{"@t":"2026-01-05T10:36:07.2050375Z","@mt":"HTTP {RequestMethod} {RequestPath} responded {StatusCode} in {Elapsed:0.0000} ms","@r":["13.6624"],"@tr":"d3de3111d80bca5ff6e3e9f182d3351c","@sp":"8a79750e4877941c","RequestMethod":"GET","RequestPath":"/lib/bootstrap/dist/js/bootstrap.bundle.min.js","StatusCode":304,"Elapsed":13.6624,"SourceContext":"Serilog.AspNetCore.RequestLoggingMiddleware","RequestId":"0HNIC8OR13T4H:0000000D","ConnectionId":"0HNIC8OR13T4H","ThreadId":10,"MachineName":"DESKTOP-JBMPMGQ","ApplicationName":"WEBTest"}
{"@t":"2026-01-05T10:36:07.2058830Z","@mt":"HTTP {RequestMethod} {RequestPath} responded {StatusCode} in {Elapsed:0.0000} ms","@r":["0.6706"],"@tr":"19fa39c2e6097c99796b8462c0cb7980","@sp":"36039027c5daccf4","RequestMethod":"GET","RequestPath":"/lib/jquery-validation/dist/jquery.validate.min.js","StatusCode":304,"Elapsed":0.6706,"SourceContext":"Serilog.AspNetCore.RequestLoggingMiddleware","RequestId":"0HNIC8OR13T4H:00000011","ConnectionId":"0HNIC8OR13T4H","ThreadId":12,"MachineName":"DESKTOP-JBMPMGQ","ApplicationName":"WEBTest"}
{"@t":"2026-01-05T10:36:07.2060817Z","@mt":"HTTP {RequestMethod} {RequestPath} responded {StatusCode} in {Elapsed:0.0000} ms","@r":["0.1683"],"@tr":"6fb69638a9290bf7e3624d7daae3e030","@sp":"aae614c3561d30bd","RequestMethod":"GET","RequestPath":"/js/site.js","StatusCode":304,"Elapsed":0.1683,"SourceContext":"Serilog.AspNetCore.RequestLoggingMiddleware","RequestId":"0HNIC8OR13T4H:0000000F","ConnectionId":"0HNIC8OR13T4H","ThreadId":16,"MachineName":"DESKTOP-JBMPMGQ","ApplicationName":"WEBTest"}
{"@t":"2026-01-05T10:36:07.2061293Z","@mt":"HTTP {RequestMethod} {RequestPath} responded {StatusCode} in {Elapsed:0.0000} ms","@r":["0.1937"],"@tr":"b22364da6499429dd445373a5296ef89","@sp":"bfe5098ee4e2a6d5","RequestMethod":"GET","RequestPath":"/css/site.css","StatusCode":304,"Elapsed":0.1937,"SourceContext":"Serilog.AspNetCore.RequestLoggingMiddleware","RequestId":"0HNIC8OR13T4H:0000000B","ConnectionId":"0HNIC8OR13T4H","ThreadId":13,"MachineName":"DESKTOP-JBMPMGQ","ApplicationName":"WEBTest"}
{"@t":"2026-01-05T10:36:07.2060956Z","@mt":"HTTP {RequestMethod} {RequestPath} responded {StatusCode} in {Elapsed:0.0000} ms","@r":["0.1750"],"@tr":"ff80f2f1ba1df4356e01e279a8814eee","@sp":"e6db5d7292446824","RequestMethod":"GET","RequestPath":"/WEBtest.styles.css","StatusCode":304,"Elapsed":0.175,"SourceContext":"Serilog.AspNetCore.RequestLoggingMiddleware","RequestId":"0HNIC8OR13T4H:00000009","ConnectionId":"0HNIC8OR13T4H","ThreadId":5,"MachineName":"DESKTOP-JBMPMGQ","ApplicationName":"WEBTest"}
{"@t":"2026-01-05T10:36:07.2086709Z","@mt":"HTTP {RequestMethod} {RequestPath} responded {StatusCode} in {Elapsed:0.0000} ms","@r":["0.2929"],"@tr":"faa966a46143b0dad3aaece8dcdacbad","@sp":"f6dc6eebba986908","RequestMethod":"GET","RequestPath":"/lib/jquery-validation-unobtrusive/jquery.validate.unobtrusive.min.js","StatusCode":304,"Elapsed":0.2929,"SourceContext":"Serilog.AspNetCore.RequestLoggingMiddleware","RequestId":"0HNIC8OR13T4H:00000013","ConnectionId":"0HNIC8OR13T4H","ThreadId":7,"MachineName":"DESKTOP-JBMPMGQ","ApplicationName":"WEBTest"}
{"@t":"2026-01-05T10:36:07.7550733Z","@mt":"HTTP {RequestMethod} {RequestPath} responded {StatusCode} in {Elapsed:0.0000} ms","@r":["0.2696"],"@tr":"5d54077aaa96e1b7e3eb10dfcd3ffefe","@sp":"d920392cb4cd95b2","RequestMethod":"GET","RequestPath":"/favicon.ico","StatusCode":304,"Elapsed":0.2696,"SourceContext":"Serilog.AspNetCore.RequestLoggingMiddleware","RequestId":"0HNIC8OR13T4I:00000001","ConnectionId":"0HNIC8OR13T4I","ThreadId":12,"MachineName":"DESKTOP-JBMPMGQ","ApplicationName":"WEBTest"}
{"@t":"2026-01-05T10:47:26.2630339Z","@mt":"No store type was specified for the decimal property '{property}' on entity type '{entityType}'. This will cause values to be silently truncated if they do not fit in the default precision and scale. Explicitly specify the SQL server column type that can accommodate all the values in 'OnModelCreating' using 'HasColumnType', specify precision and scale using 'HasPrecision', or configure a value converter using 'HasConversion'.","@l":"Warning","@tr":"efdeb6921e4dc29050b2e38f727bae6b","@sp":"488aa86e6067e664","property":"Cost","entityType":"Product","EventId":{"Id":30000,"Name":"Microsoft.EntityFrameworkCore.Model.Validation.DecimalTypeDefaultWarning"},"SourceContext":"Microsoft.EntityFrameworkCore.Model.Validation","ActionId":"4d603575-3ba9-4f92-85f7-b35504da1027","ActionName":"WEBtest.Controllers.HomeController.Index (WEBtest)","RequestId":"0HNIC8V782A2N:00000001","RequestPath":"/","ConnectionId":"0HNIC8V782A2N","ThreadId":14,"MachineName":"DESKTOP-JBMPMGQ","ApplicationName":"WEBTest"}
{"@t":"2026-01-05T10:47:27.5557116Z","@mt":"HTTP {RequestMethod} {RequestPath} responded {StatusCode} in {Elapsed:0.0000} ms","@r":["2742.2175"],"@tr":"efdeb6921e4dc29050b2e38f727bae6b","@sp":"488aa86e6067e664","RequestMethod":"GET","RequestPath":"/","StatusCode":200,"Elapsed":2742.2175,"SourceContext":"Serilog.AspNetCore.RequestLoggingMiddleware","RequestId":"0HNIC8V782A2N:00000001","ConnectionId":"0HNIC8V782A2N","ThreadId":14,"MachineName":"DESKTOP-JBMPMGQ","ApplicationName":"WEBTest"}
{"@t":"2026-01-05T10:47:29.7748661Z","@mt":"HTTP {RequestMethod} {RequestPath} responded {StatusCode} in {Elapsed:0.0000} ms","@r":["75.5013"],"@tr":"30498f027c1430fa66aa306c824b57b2","@sp":"bccda147228c5e39","RequestMethod":"GET","RequestPath":"/","StatusCode":200,"Elapsed":75.5013,"SourceContext":"Serilog.AspNetCore.RequestLoggingMiddleware","RequestId":"0HNIC8V782A2N:00000007","ConnectionId":"0HNIC8V782A2N","ThreadId":12,"MachineName":"DESKTOP-JBMPMGQ","ApplicationName":"WEBTest"}
{"@t":"2026-01-05T10:47:33.2694039Z","@mt":"HTTP {RequestMethod} {RequestPath} responded {StatusCode} in {Elapsed:0.0000} ms","@r":["42.8065"],"@tr":"bfb32ec69df1111179d60250dc22a747","@sp":"d5c6660bffd38f3e","RequestMethod":"GET","RequestPath":"/Admin/Order","StatusCode":200,"Elapsed":42.8065,"SourceContext":"Serilog.AspNetCore.RequestLoggingMiddleware","RequestId":"0HNIC8V782A2N:0000000D","ConnectionId":"0HNIC8V782A2N","ThreadId":10,"MachineName":"DESKTOP-JBMPMGQ","ApplicationName":"WEBTest"}
{"@t":"2026-01-05T10:47:35.1986639Z","@mt":"HTTP {RequestMethod} {RequestPath} responded {StatusCode} in {Elapsed:0.0000} ms","@r":["130.3341"],"@tr":"24f832f2ecf8dd3cb166bcd419d11694","@sp":"fa137f3befa95119","RequestMethod":"GET","RequestPath":"/Admin/Product","StatusCode":200,"Elapsed":130.3341,"SourceContext":"Serilog.AspNetCore.RequestLoggingMiddleware","RequestId":"0HNIC8V782A2N:00000013","ConnectionId":"0HNIC8V782A2N","ThreadId":5,"MachineName":"DESKTOP-JBMPMGQ","ApplicationName":"WEBTest"}
{"@t":"2026-01-05T10:47:37.7863647Z","@mt":"HTTP {RequestMethod} {RequestPath} responded {StatusCode} in {Elapsed:0.0000} ms","@r":["106.9398"],"@tr":"821e2fc18410684a78f560947953c9a4","@sp":"8b817190f69e5be0","RequestMethod":"GET","RequestPath":"/Admin/Product/Add","StatusCode":200,"Elapsed":106.9398,"SourceContext":"Serilog.AspNetCore.RequestLoggingMiddleware","RequestId":"0HNIC8V782A2N:00000019","ConnectionId":"0HNIC8V782A2N","ThreadId":10,"MachineName":"DESKTOP-JBMPMGQ","ApplicationName":"WEBTest"}
{"@t":"2026-01-05T10:47:49.5254930Z","@mt":"HTTP {RequestMethod} {RequestPath} responded {StatusCode} in {Elapsed:0.0000} ms","@r":["400.2430"],"@tr":"8759bf8dbc0168a680c6e130098028fa","@sp":"e9c950528445a54d","RequestMethod":"POST","RequestPath":"/Admin/Product/Add","StatusCode":302,"Elapsed":400.243,"SourceContext":"Serilog.AspNetCore.RequestLoggingMiddleware","RequestId":"0HNIC8V782A2N:0000001F","ConnectionId":"0HNIC8V782A2N","ThreadId":14,"MachineName":"DESKTOP-JBMPMGQ","ApplicationName":"WEBTest"}
{"@t":"2026-01-05T10:47:49.5714631Z","@mt":"HTTP {RequestMethod} {RequestPath} responded {StatusCode} in {Elapsed:0.0000} ms","@r":["30.1737"],"@tr":"35fa584991105bc4b6398afbf038fb1b","@sp":"ecd6313e8d75d2fd","RequestMethod":"GET","RequestPath":"/Admin/Product","StatusCode":200,"Elapsed":30.1737,"SourceContext":"Serilog.AspNetCore.RequestLoggingMiddleware","RequestId":"0HNIC8V782A2N:00000021","ConnectionId":"0HNIC8V782A2N","ThreadId":10,"MachineName":"DESKTOP-JBMPMGQ","ApplicationName":"WEBTest"}
{"@t":"2026-01-05T10:47:51.0943224Z","@mt":"HTTP {RequestMethod} {RequestPath} responded {StatusCode} in {Elapsed:0.0000} ms","@r":["11.4866"],"@tr":"2450e8c6c67e5511d8df5101974b7489","@sp":"cc4023f10513cd9e","RequestMethod":"GET","RequestPath":"/","StatusCode":200,"Elapsed":11.4866,"SourceContext":"Serilog.AspNetCore.RequestLoggingMiddleware","RequestId":"0HNIC8V782A2N:00000027","ConnectionId":"0HNIC8V782A2N","ThreadId":5,"MachineName":"DESKTOP-JBMPMGQ","ApplicationName":"WEBTest"}
{"@t":"2026-01-05T10:47:51.1673192Z","@mt":"HTTP {RequestMethod} {RequestPath} responded {StatusCode} in {Elapsed:0.0000} ms","@r":["11.2089"],"@tr":"f2e8be52f89951ad3ced7f95766e6dbf","@sp":"9a4ffa84888dd936","RequestMethod":"GET","RequestPath":"/img/anyProduct.png","StatusCode":404,"Elapsed":11.2089,"SourceContext":"Serilog.AspNetCore.RequestLoggingMiddleware","RequestId":"0HNIC8V782A2N:00000029","ConnectionId":"0HNIC8V782A2N","ThreadId":5,"MachineName":"DESKTOP-JBMPMGQ","ApplicationName":"WEBTest"}
{"@t":"2026-01-05T10:53:17.8748370Z","@mt":"No store type was specified for the decimal property '{property}' on entity type '{entityType}'. This will cause values to be silently truncated if they do not fit in the default precision and scale. Explicitly specify the SQL server column type that can accommodate all the values in 'OnModelCreating' using 'HasColumnType', specify precision and scale using 'HasPrecision', or configure a value converter using 'HasConversion'.","@l":"Warning","@tr":"d3038c1611e33c2a66a835bbef175dd2","@sp":"2122851f91646280","property":"Cost","entityType":"Product","EventId":{"Id":30000,"Name":"Microsoft.EntityFrameworkCore.Model.Validation.DecimalTypeDefaultWarning"},"SourceContext":"Microsoft.EntityFrameworkCore.Model.Validation","ActionId":"09a15aff-f5ce-4650-9f45-f8135d0a0747","ActionName":"WEBtest.Controllers.HomeController.Index (WEBtest)","RequestId":"0HNIC92G1AGU8:00000001","RequestPath":"/","ConnectionId":"0HNIC92G1AGU8","ThreadId":14,"MachineName":"DESKTOP-JBMPMGQ","ApplicationName":"WEBTest"}
{"@t":"2026-01-05T10:53:19.1727021Z","@mt":"HTTP {RequestMethod} {RequestPath} responded {StatusCode} in {Elapsed:0.0000} ms","@r":["2310.7701"],"@tr":"d3038c1611e33c2a66a835bbef175dd2","@sp":"2122851f91646280","RequestMethod":"GET","RequestPath":"/","StatusCode":200,"Elapsed":2310.7701,"SourceContext":"Serilog.AspNetCore.RequestLoggingMiddleware","RequestId":"0HNIC92G1AGU8:00000001","ConnectionId":"0HNIC92G1AGU8","ThreadId":12,"MachineName":"DESKTOP-JBMPMGQ","ApplicationName":"WEBTest"}
{"@t":"2026-01-05T10:53:19.2688212Z","@mt":"HTTP {RequestMethod} {RequestPath} responded {StatusCode} in {Elapsed:0.0000} ms","@r":["14.9131"],"@tr":"75e05963fb6aa3e45e172182928c4fb9","@sp":"ce3f75bdefbc4eca","RequestMethod":"GET","RequestPath":"/img/anyProduct.png","StatusCode":404,"Elapsed":14.9131,"SourceContext":"Serilog.AspNetCore.RequestLoggingMiddleware","RequestId":"0HNIC92G1AGU8:00000005","ConnectionId":"0HNIC92G1AGU8","ThreadId":9,"MachineName":"DESKTOP-JBMPMGQ","ApplicationName":"WEBTest"}
{"@t":"2026-01-05T10:53:26.2375543Z","@mt":"HTTP {RequestMethod} {RequestPath} responded {StatusCode} in {Elapsed:0.0000} ms","@r":["55.7427"],"@tr":"b6d3b41d0905400bbdf57c403c728d19","@sp":"d47fa900d3c5c1ab","RequestMethod":"GET","RequestPath":"/Favourite/Add","StatusCode":302,"Elapsed":55.7427,"SourceContext":"Serilog.AspNetCore.RequestLoggingMiddleware","RequestId":"0HNIC92G1AGU8:00000009","ConnectionId":"0HNIC92G1AGU8","ThreadId":16,"MachineName":"DESKTOP-JBMPMGQ","ApplicationName":"WEBTest"}
{"@t":"2026-01-05T10:53:26.2931965Z","@mt":"HTTP {RequestMethod} {RequestPath} responded {StatusCode} in {Elapsed:0.0000} ms","@r":["35.3944"],"@tr":"51592215cdfc1f0b29b24f878994fa17","@sp":"3230220324c8b58e","RequestMethod":"GET","RequestPath":"/Favourite","StatusCode":200,"Elapsed":35.3944,"SourceContext":"Serilog.AspNetCore.RequestLoggingMiddleware","RequestId":"0HNIC92G1AGU8:0000000B","ConnectionId":"0HNIC92G1AGU8","ThreadId":14,"MachineName":"DESKTOP-JBMPMGQ","ApplicationName":"WEBTest"}
{"@t":"2026-01-05T10:53:26.3696169Z","@mt":"HTTP {RequestMethod} {RequestPath} responded {StatusCode} in {Elapsed:0.0000} ms","@r":["1.7625"],"@tr":"02bc240ade5862f48102cd9c17466347","@sp":"3097cb457be06fec","RequestMethod":"GET","RequestPath":"/img/anyProduct.png","StatusCode":404,"Elapsed":1.7625,"SourceContext":"Serilog.AspNetCore.RequestLoggingMiddleware","RequestId":"0HNIC92G1AGU8:0000000D","ConnectionId":"0HNIC92G1AGU8","ThreadId":5,"MachineName":"DESKTOP-JBMPMGQ","ApplicationName":"WEBTest"}
{"@t":"2026-01-05T10:53:28.4206896Z","@mt":"HTTP {RequestMethod} {RequestPath} responded {StatusCode} in {Elapsed:0.0000} ms","@r":["14.5087"],"@tr":"5da9b04bd044df6b2a82da56b266672f","@sp":"d5e3e9a9ac39cf86","RequestMethod":"GET","RequestPath":"/Favourite/Delete","StatusCode":302,"Elapsed":14.5087,"SourceContext":"Serilog.AspNetCore.RequestLoggingMiddleware","RequestId":"0HNIC92G1AGU8:00000013","ConnectionId":"0HNIC92G1AGU8","ThreadId":14,"MachineName":"DESKTOP-JBMPMGQ","ApplicationName":"WEBTest"}
{"@t":"2026-01-05T10:53:28.4531645Z","@mt":"HTTP {RequestMethod} {RequestPath} responded {StatusCode} in {Elapsed:0.0000} ms","@r":["10.2276"],"@tr":"c75cdc4395cc0bc661d1cac46bd8bfc9","@sp":"5f60ef94641934ba","RequestMethod":"GET","RequestPath":"/Favourite","StatusCode":200,"Elapsed":10.2276,"SourceContext":"Serilog.AspNetCore.RequestLoggingMiddleware","RequestId":"0HNIC92G1AGU8:00000015","ConnectionId":"0HNIC92G1AGU8","ThreadId":12,"MachineName":"DESKTOP-JBMPMGQ","ApplicationName":"WEBTest"}
{"@t":"2026-01-05T10:53:30.3213677Z","@mt":"HTTP {RequestMethod} {RequestPath} responded {StatusCode} in {Elapsed:0.0000} ms","@r":["48.8545"],"@tr":"47ff9c743ca0c468179f604d5b3f3939","@sp":"79d64c6d6ff7cf21","RequestMethod":"GET","RequestPath":"/","StatusCode":200,"Elapsed":48.8545,"SourceContext":"Serilog.AspNetCore.RequestLoggingMiddleware","RequestId":"0HNIC92G1AGU8:0000001B","ConnectionId":"0HNIC92G1AGU8","ThreadId":16,"MachineName":"DESKTOP-JBMPMGQ","ApplicationName":"WEBTest"}
{"@t":"2026-01-05T10:53:30.3812614Z","@mt":"HTTP {RequestMethod} {RequestPath} responded {StatusCode} in {Elapsed:0.0000} ms","@r":["0.9584"],"@tr":"dee9b72e456d2abf1add981ad6c5acac","@sp":"f1537d1d23a91d42","RequestMethod":"GET","RequestPath":"/img/anyProduct.png","StatusCode":404,"Elapsed":0.9584,"SourceContext":"Serilog.AspNetCore.RequestLoggingMiddleware","RequestId":"0HNIC92G1AGU8:0000001D","ConnectionId":"0HNIC92G1AGU8","ThreadId":12,"MachineName":"DESKTOP-JBMPMGQ","ApplicationName":"WEBTest"}
{"@t":"2026-01-05T11:14:57.7343764Z","@mt":"No store type was specified for the decimal property '{property}' on entity type '{entityType}'. This will cause values to be silently truncated if they do not fit in the default precision and scale. Explicitly specify the SQL server column type that can accommodate all the values in 'OnModelCreating' using 'HasColumnType', specify precision and scale using 'HasPrecision', or configure a value converter using 'HasConversion'.","@l":"Warning","@tr":"88fb900044b762508a8aecb01c9d0a29","@sp":"ea9902ebafa3830b","property":"Cost","entityType":"Product","EventId":{"Id":30000,"Name":"Microsoft.EntityFrameworkCore.Model.Validation.DecimalTypeDefaultWarning"},"SourceContext":"Microsoft.EntityFrameworkCore.Model.Validation","ActionId":"bf7961b9-a151-4d9c-be2f-5177d48a158b","ActionName":"WEBtest.Controllers.HomeController.Index (WEBtest)","RequestId":"0HNIC9EJEVBOU:00000001","RequestPath":"/","ConnectionId":"0HNIC9EJEVBOU","ThreadId":7,"MachineName":"DESKTOP-JBMPMGQ","ApplicationName":"WEBTest"}
{"@t":"2026-01-05T11:14:59.5574438Z","@mt":"Failed executing DbCommand ({elapsed}ms) [Parameters=[{parameters}], CommandType='{commandType}', CommandTimeout='{commandTimeout}']{newLine}{commandText}","@l":"Error","@tr":"88fb900044b762508a8aecb01c9d0a29","@sp":"ea9902ebafa3830b","elapsed":"52","parameters":"@__userId_0='?' (Size = 4000)","commandType":"Text","commandTimeout":30,"newLine":"\r\n","commandText":"SELECT [t].[Id], [t].[UserId], [t0].[Id], [t0].[CartId], [t0].[ProductId], [t0].[Quantity], [t0].[Id0], [t0].[Cost], [t0].[Description], [t0].[Name], [t0].[PhotoPath]\r\nFROM (\r\n    SELECT TOP(1) [c].[Id], [c].[UserId]\r\n    FROM [Carts] AS [c]\r\n    WHERE [c].[UserId] = @__userId_0\r\n) AS [t]\r\nLEFT JOIN (\r\n    SELECT [c0].[Id], [c0].[CartId], [c0].[ProductId], [c0].[Quantity], [p].[Id] AS [Id0], [p].[Cost], [p].[Description], [p].[Name], [p].[PhotoPath]\r\n    FROM [CartItems] AS [c0]\r\n    INNER JOIN [Products] AS [p] ON [c0].[ProductId] = [p].[Id]\r\n) AS [t0] ON [t].[Id] = [t0].[CartId]\r\nORDER BY [t].[Id], [t0].[Id]","EventId":{"Id":20102,"Name":"Microsoft.EntityFrameworkCore.Database.Command.CommandError"},"SourceContext":"Microsoft.EntityFrameworkCore.Database.Command","ViewComponentName":"WEBtest.Views.Shared.Components.Cart.CartViewComponent","ViewComponentId":"fd0456b6-7e28-43e8-ace2-0c8d97ecc13b","ActionId":"bf7961b9-a151-4d9c-be2f-5177d48a158b","ActionName":"WEBtest.Controllers.HomeController.Index (WEBtest)","RequestId":"0HNIC9EJEVBOU:00000001","RequestPath":"/","ConnectionId":"0HNIC9EJEVBOU","ThreadId":7,"MachineName":"DESKTOP-JBMPMGQ","ApplicationName":"WEBTest"}
{"@t":"2026-01-05T11:14:59.5855086Z","@mt":"An exception occurred while iterating over the results of a query for context type '{contextType}'.{newline}{error}","@l":"Error","@x":"Microsoft.Data.SqlClient.SqlException (0x80131904): Invalid object name 'Carts'.\r\n   at Microsoft.Data.SqlClient.SqlConnection.OnError(SqlException exception, Boolean breakConnection, Action`1 wrapCloseInAction)\r\n   at Microsoft.Data.SqlClient.SqlInternalConnection.OnError(SqlException exception, Boolean breakConnection, Action`1 wrapCloseInAction)\r\n   at Microsoft.Data.SqlClient.TdsParser.ThrowExceptionAndWarning(TdsParserStateObject stateObj, Boolean callerHasConnectionLock, Boolean asyncClose)\r\n   at Microsoft.Data.SqlClient.TdsParser.TryRun(RunBehavior runBehavior, SqlCommand cmdHandler, SqlDataReader dataStream, BulkCopySimpleResultSet bulkCopyHandler, TdsParserStateObject stateObj, Boolean& dataReady)\r\n   at Microsoft.Data.SqlClient.SqlDataReader.TryConsumeMetaData()\r\n   at Microsoft.Data.SqlClient.SqlDataReader.get_MetaData()\r\n   at Microsoft.Data.SqlClient.SqlCommand.FinishExecuteReader(SqlDataReader ds, RunBehavior runBehavior, String resetOptionsString, Boolean isInternal, Boolean forDescribeParameterEncryption, Boolean shouldCacheForAlwaysEncrypted)\r\n   at Microsoft.Data.SqlClient.SqlCommand.RunExecuteReaderTds(CommandBehavior cmdBehavior, RunBehavior runBehavior, Boolean returnStream, Boolean isAsync, Int32 timeout, Task& task, Boolean asyncWrite, Boolean inRetry, SqlDataReader ds, Boolean describeParameterEncryptionRequest)\r\n   at Microsoft.Data.SqlClient.SqlCommand.RunExecuteReader(CommandBehavior cmdBehavior, RunBehavior runBehavior, Boolean returnStream, TaskCompletionSource`1 completion, Int32 timeout, Task& task, Boolean& usedCache, Boolean asyncWrite, Boolean inRetry, String method)\r\n   at Microsoft.Data.SqlClient.SqlCommand.RunExecuteReader(CommandBehavior cmdBehavior, RunBehavior runBehavior, Boolean returnStream, String method)\r\n   at Microsoft.Data.SqlClient.SqlCommand.ExecuteReader(CommandBehavior behavior)\r\n   at Microsoft.Data.SqlClient.SqlCommand.ExecuteDbDataReader(CommandBehavior behavior)\r\n   at Microsoft.EntityFrameworkCore.Storage.RelationalCommand.ExecuteReader(RelationalCommandParameterObject parameterObject)\r\n   at Microsoft.EntityFrameworkCore.Query.Internal.SingleQueryingEnumerable`1.Enumerator.InitializeReader(Enumerator enumerator)\r\n   at Microsoft.EntityFrameworkCore.Query.Internal.SingleQueryingEnumerable`1.Enumerator.<>c.<MoveNext>b__21_0(DbContext _, Enumerator enumerator)\r\n   at Microsoft.EntityFrameworkCore.SqlServer.Storage.Internal.SqlServerExecutionStrategy.Execute[TState,TResult](TState state, Func`3 operation, Func`3 verifySucceeded)\r\n   at Microsoft.EntityFrameworkCore.Query.Internal.SingleQueryingEnumerable`1.Enumerator.MoveNext()\r\nClientConnectionId:e329599c-c5b2-493d-86dc-5e436d39e116\r\nError Number:208,State:1,Class:16","@tr":"88fb900044b762508a8aecb01c9d0a29","@sp":"ea9902ebafa3830b","contextType":"WEBTest.Db.DatabaseContext","newline":"\r\n","error":"Microsoft.Data.SqlClient.SqlException (0x80131904): Invalid object name 'Carts'.\r\n   at Microsoft.Data.SqlClient.SqlConnection.OnError(SqlException exception, Boolean breakConnection, Action`1 wrapCloseInAction)\r\n   at Microsoft.Data.SqlClient.SqlInternalConnection.OnError(SqlException exception, Boolean breakConnection, Action`1 wrapCloseInAction)\r\n   at Microsoft.Data.SqlClient.TdsParser.ThrowExceptionAndWarning(TdsParserStateObject stateObj, Boolean callerHasConnectionLock, Boolean asyncClose)\r\n   at Microsoft.Data.SqlClient.TdsParser.TryRun(RunBehavior runBehavior, SqlCommand cmdHandler, SqlDataReader dataStream, BulkCopySimpleResultSet bulkCopyHandler, TdsParserStateObject stateObj, Boolean& dataReady)\r\n   at Microsoft.Data.SqlClient.SqlDataReader.TryConsumeMetaData()\r\n   at Microsoft.Data.SqlClient.SqlDataReader.get_MetaData()\r\n   at Microsoft.Data.SqlClient.SqlCommand.FinishExecuteReader(SqlDataReader ds, RunBehavior runBehavior, String resetOptionsString, Boolean isInternal, Boolean forDescribeParameterEncryption, Boolean shouldCacheForAlwaysEncrypted)\r\n   at Microsoft.Data.SqlClient.SqlCommand.RunExecuteReaderTds(CommandBehavior cmdBehavior, RunBehavior runBehavior, Boolean returnStream, Boolean isAsync, Int32 timeout, Task& task, Boolean asyncWrite, Boolean inRetry, SqlDataReader ds, Boolean describeParameterEncryptionRequest)\r\n   at Microsoft.Data.SqlClient.SqlCommand.RunExecuteReader(CommandBehavior cmdBehavior, RunBehavior runBehavior, Boolean returnStream, TaskCompletionSource`1 completion, Int32 timeout, Task& task, Boolean& usedCache, Boolean asyncWrite, Boolean inRetry, String method)\r\n   at Microsoft.Data.SqlClient.SqlCommand.RunExecuteReader(CommandBehavior cmdBehavior, RunBehavior runBehavior, Boolean returnStream, String method)\r\n   at Microsoft.Data.SqlClient.SqlCommand.ExecuteReader(CommandBehavior behavior)\r\n   at Microsoft.Data.SqlClient.SqlCommand.ExecuteDbDataReader(CommandBehavior behavior)\r\n   at Microsoft.EntityFrameworkCore.Storage.RelationalCommand.ExecuteReader(RelationalCommandParameterObject parameterObject)\r\n   at Microsoft.EntityFrameworkCore.Query.Internal.SingleQueryingEnumerable`1.Enumerator.InitializeReader(Enumerator enumerator)\r\n   at Microsoft.EntityFrameworkCore.Query.Internal.SingleQueryingEnumerable`1.Enumerator.<>c.<MoveNext>b__21_0(DbContext _, Enumerator enumerator)\r\n   at Microsoft.EntityFrameworkCore.SqlServer.Storage.Internal.SqlServerExecutionStrategy.Execute[TState,TResult](TState state, Func`3 operation, Func`3 verifySucceeded)\r\n   at Microsoft.EntityFrameworkCore.Query.Internal.SingleQueryingEnumerable`1.Enumerator.MoveNext()\r\nClientConnectionId:e329599c-c5b2-493d-86dc-5e436d39e116\r\nError Number:208,State:1,Class:16","EventId":{"Id":10100,"Name":"Microsoft.EntityFrameworkCore.Query.QueryIterationFailed"},"SourceContext":"Microsoft.EntityFrameworkCore.Query","ViewComponentName":"WEBtest.Views.Shared.Components.Cart.CartViewComponent","ViewComponentId":"fd0456b6-7e28-43e8-ace2-0c8d97ecc13b","ActionId":"bf7961b9-a151-4d9c-be2f-5177d48a158b","ActionName":"WEBtest.Controllers.HomeController.Index (WEBtest)","RequestId":"0HNIC9EJEVBOU:00000001","RequestPath":"/","ConnectionId":"0HNIC9EJEVBOU","ThreadId":7,"MachineName":"DESKTOP-JBMPMGQ","ApplicationName":"WEBTest"}
{"@t":"2026-01-05T11:15:55.5262558Z","@mt":"No store type was specified for the decimal property '{property}' on entity type '{entityType}'. This will cause values to be silently truncated if they do not fit in the default precision and scale. Explicitly specify the SQL server column type that can accommodate all the values in 'OnModelCreating' using 'HasColumnType', specify precision and scale using 'HasPrecision', or configure a value converter using 'HasConversion'.","@l":"Warning","@tr":"b23361bdbc4c372cf48cafa4c4b030ae","@sp":"8ae4b7c481dadbe3","property":"Cost","entityType":"Product","EventId":{"Id":30000,"Name":"Microsoft.EntityFrameworkCore.Model.Validation.DecimalTypeDefaultWarning"},"SourceContext":"Microsoft.EntityFrameworkCore.Model.Validation","ActionId":"7f08ec86-7346-47fe-93a0-d1ffa51ab71f","ActionName":"WEBtest.Controllers.HomeController.Index (WEBtest)","RequestId":"0HNIC9F4MEE3B:00000001","RequestPath":"/","ConnectionId":"0HNIC9F4MEE3B","ThreadId":9,"MachineName":"DESKTOP-JBMPMGQ","ApplicationName":"WEBTest"}
{"@t":"2026-01-05T11:15:57.0326399Z","@mt":"Failed executing DbCommand ({elapsed}ms) [Parameters=[{parameters}], CommandType='{commandType}', CommandTimeout='{commandTimeout}']{newLine}{commandText}","@l":"Error","@tr":"b23361bdbc4c372cf48cafa4c4b030ae","@sp":"8ae4b7c481dadbe3","elapsed":"67","parameters":"@__userId_0='?' (Size = 4000)","commandType":"Text","commandTimeout":30,"newLine":"\r\n","commandText":"SELECT [t].[Id], [t].[UserId], [t0].[Id], [t0].[CartId], [t0].[ProductId], [t0].[Quantity], [t0].[Id0], [t0].[Cost], [t0].[Description], [t0].[Name], [t0].[PhotoPath]\r\nFROM (\r\n    SELECT TOP(1) [c].[Id], [c].[UserId]\r\n    FROM [Carts] AS [c]\r\n    WHERE [c].[UserId] = @__userId_0\r\n) AS [t]\r\nLEFT JOIN (\r\n    SELECT [c0].[Id], [c0].[CartId], [c0].[ProductId], [c0].[Quantity], [p].[Id] AS [Id0], [p].[Cost], [p].[Description], [p].[Name], [p].[PhotoPath]\r\n    FROM [CartItems] AS [c0]\r\n    INNER JOIN [Products] AS [p] ON [c0].[ProductId] = [p].[Id]\r\n) AS [t0] ON [t].[Id] = [t0].[CartId]\r\nORDER BY [t].[Id], [t0].[Id]","EventId":{"Id":20102,"Name":"Microsoft.EntityFrameworkCore.Database.Command.CommandError"},"SourceContext":"Microsoft.EntityFrameworkCore.Database.Command","ViewComponentName":"WEBtest.Views.Shared.Components.Cart.CartViewComponent","ViewComponentId":"fb0f3058-9185-4c8b-ba45-c759da7db0bb","ActionId":"7f08ec86-7346-47fe-93a0-d1ffa51ab71f","ActionName":"WEBtest.Controllers.HomeController.Index (WEBtest)","RequestId":"0HNIC9F4MEE3B:00000001","RequestPath":"/","ConnectionId":"0HNIC9F4MEE3B","ThreadId":9,"MachineName":"DESKTOP-JBMPMGQ","ApplicationName":"WEBTest"}
{"@t":"2026-01-05T11:15:57.0783509Z","@mt":"An exception occurred while iterating over the results of a query for context type '{contextType}'.{newline}{error}","@l":"Error","@x":"Microsoft.Data.SqlClient.SqlException (0x80131904): Invalid object name 'Carts'.\r\n   at Microsoft.Data.SqlClient.SqlConnection.OnError(SqlException exception, Boolean breakConnection, Action`1 wrapCloseInAction)\r\n   at Microsoft.Data.SqlClient.SqlInternalConnection.OnError(SqlException exception, Boolean breakConnection, Action`1 wrapCloseInAction)\r\n   at Microsoft.Data.SqlClient.TdsParser.ThrowExceptionAndWarning(TdsParserStateObject stateObj, Boolean callerHasConnectionLock, Boolean asyncClose)\r\n   at Microsoft.Data.SqlClient.TdsParser.TryRun(RunBehavior runBehavior, SqlCommand cmdHandler, SqlDataReader dataStream, BulkCopySimpleResultSet bulkCopyHandler, TdsParserStateObject stateObj, Boolean& dataReady)\r\n   at Microsoft.Data.SqlClient.SqlDataReader.TryConsumeMetaData()\r\n   at Microsoft.Data.SqlClient.SqlDataReader.get_MetaData()\r\n   at Microsoft.Data.SqlClient.SqlCommand.FinishExecuteReader(SqlDataReader ds, RunBehavior runBehavior, String resetOptionsString, Boolean isInternal, Boolean forDescribeParameterEncryption, Boolean shouldCacheForAlwaysEncrypted)\r\n   at Microsoft.Data.SqlClient.SqlCommand.RunExecuteReaderTds(CommandBehavior cmdBehavior, RunBehavior runBehavior, Boolean returnStream, Boolean isAsync, Int32 timeout, Task& task, Boolean asyncWrite, Boolean inRetry, SqlDataReader ds, Boolean describeParameterEncryptionRequest)\r\n   at Microsoft.Data.SqlClient.SqlCommand.RunExecuteReader(CommandBehavior cmdBehavior, RunBehavior runBehavior, Boolean returnStream, TaskCompletionSource`1 completion, Int32 timeout, Task& task, Boolean& usedCache, Boolean asyncWrite, Boolean inRetry, String method)\r\n   at Microsoft.Data.SqlClient.SqlCommand.RunExecuteReader(CommandBehavior cmdBehavior, RunBehavior runBehavior, Boolean returnStream, String method)\r\n   at Microsoft.Data.SqlClient.SqlCommand.ExecuteReader(CommandBehavior behavior)\r\n   at Microsoft.Data.SqlClient.SqlCommand.ExecuteDbDataReader(CommandBehavior behavior)\r\n   at Microsoft.EntityFrameworkCore.Storage.RelationalCommand.ExecuteReader(RelationalCommandParameterObject parameterObject)\r\n   at Microsoft.EntityFrameworkCore.Query.Internal.SingleQueryingEnumerable`1.Enumerator.InitializeReader(Enumerator enumerator)\r\n   at Microsoft.EntityFrameworkCore.Query.Internal.SingleQueryingEnumerable`1.Enumerator.<>c.<MoveNext>b__21_0(DbContext _, Enumerator enumerator)\r\n   at Microsoft.EntityFrameworkCore.SqlServer.Storage.Internal.SqlServerExecutionStrategy.Execute[TState,TResult](TState state, Func`3 operation, Func`3 verifySucceeded)\r\n   at Microsoft.EntityFrameworkCore.Query.Internal.SingleQueryingEnumerable`1.Enumerator.MoveNext()\r\nClientConnectionId:04ca876a-5c43-47ee-9ccf-b84865931091\r\nError Number:208,State:1,Class:16","@tr":"b23361bdbc4c372cf48cafa4c4b030ae","@sp":"8ae4b7c481dadbe3","contextType":"WEBTest.Db.DatabaseContext","newline":"\r\n","error":"Microsoft.Data.SqlClient.SqlException (0x80131904): Invalid object name 'Carts'.\r\n   at Microsoft.Data.SqlClient.SqlConnection.OnError(SqlException exception, Boolean breakConnection, Action`1 wrapCloseInAction)\r\n   at Microsoft.Data.SqlClient.SqlInternalConnection.OnError(SqlException exception, Boolean breakConnection, Action`1 wrapCloseInAction)\r\n   at Microsoft.Data.SqlClient.TdsParser.ThrowExceptionAndWarning(TdsParserStateObject stateObj, Boolean callerHasConnectionLock, Boolean asyncClose)\r\n   at Microsoft.Data.SqlClient.TdsParser.TryRun(RunBehavior runBehavior, SqlCommand cmdHandler, SqlDataReader dataStream, BulkCopySimpleResultSet bulkCopyHandler, TdsParserStateObject stateObj, Boolean& dataReady)\r\n   at Microsoft.Data.SqlClient.SqlDataReader.TryConsumeMetaData()\r\n   at Microsoft.Data.SqlClient.SqlDataReader.get_MetaData()\r\n   at Microsoft.Data.SqlClient.SqlCommand.FinishExecuteReader(SqlDataReader ds, RunBehavior runBehavior, String resetOptionsString, Boolean isInternal, Boolean forDescribeParameterEncryption, Boolean shouldCacheForAlwaysEncrypted)\r\n   at Microsoft.Data.SqlClient.SqlCommand.RunExecuteReaderTds(CommandBehavior cmdBehavior, RunBehavior runBehavior, Boolean returnStream, Boolean isAsync, Int32 timeout, Task& task, Boolean asyncWrite, Boolean inRetry, SqlDataReader ds, Boolean describeParameterEncryptionRequest)\r\n   at Microsoft.Data.SqlClient.SqlCommand.RunExecuteReader(CommandBehavior cmdBehavior, RunBehavior runBehavior, Boolean returnStream, TaskCompletionSource`1 completion, Int32 timeout, Task& task, Boolean& usedCache, Boolean asyncWrite, Boolean inRetry, String method)\r\n   at Microsoft.Data.SqlClient.SqlCommand.RunExecuteReader(CommandBehavior cmdBehavior, RunBehavior runBehavior, Boolean returnStream, String method)\r\n   at Microsoft.Data.SqlClient.SqlCommand.ExecuteReader(CommandBehavior behavior)\r\n   at Microsoft.Data.SqlClient.SqlCommand.ExecuteDbDataReader(CommandBehavior behavior)\r\n   at Microsoft.EntityFrameworkCore.Storage.RelationalCommand.ExecuteReader(RelationalCommandParameterObject parameterObject)\r\n   at Microsoft.EntityFrameworkCore.Query.Internal.SingleQueryingEnumerable`1.Enumerator.InitializeReader(Enumerator enumerator)\r\n   at Microsoft.EntityFrameworkCore.Query.Internal.SingleQueryingEnumerable`1.Enumerator.<>c.<MoveNext>b__21_0(DbContext _, Enumerator enumerator)\r\n   at Microsoft.EntityFrameworkCore.SqlServer.Storage.Internal.SqlServerExecutionStrategy.Execute[TState,TResult](TState state, Func`3 operation, Func`3 verifySucceeded)\r\n   at Microsoft.EntityFrameworkCore.Query.Internal.SingleQueryingEnumerable`1.Enumerator.MoveNext()\r\nClientConnectionId:04ca876a-5c43-47ee-9ccf-b84865931091\r\nError Number:208,State:1,Class:16","EventId":{"Id":10100,"Name":"Microsoft.EntityFrameworkCore.Query.QueryIterationFailed"},"SourceContext":"Microsoft.EntityFrameworkCore.Query","ViewComponentName":"WEBtest.Views.Shared.Components.Cart.CartViewComponent","ViewComponentId":"fb0f3058-9185-4c8b-ba45-c759da7db0bb","ActionId":"7f08ec86-7346-47fe-93a0-d1ffa51ab71f","ActionName":"WEBtest.Controllers.HomeController.Index (WEBtest)","RequestId":"0HNIC9F4MEE3B:00000001","RequestPath":"/","ConnectionId":"0HNIC9F4MEE3B","ThreadId":9,"MachineName":"DESKTOP-JBMPMGQ","ApplicationName":"WEBTest"}
{"@t":"2026-01-05T11:16:13.7614268Z","@mt":"HTTP {RequestMethod} {RequestPath} responded {StatusCode} in {Elapsed:0.0000} ms","@r":["19777.0095"],"@l":"Error","@x":"Microsoft.Data.SqlClient.SqlException (0x80131904): Invalid object name 'Carts'.\r\n   at Microsoft.Data.SqlClient.SqlConnection.OnError(SqlException exception, Boolean breakConnection, Action`1 wrapCloseInAction)\r\n   at Microsoft.Data.SqlClient.SqlInternalConnection.OnError(SqlException exception, Boolean breakConnection, Action`1 wrapCloseInAction)\r\n   at Microsoft.Data.SqlClient.TdsParser.ThrowExceptionAndWarning(TdsParserStateObject stateObj, Boolean callerHasConnectionLock, Boolean asyncClose)\r\n   at Microsoft.Data.SqlClient.TdsParser.TryRun(RunBehavior runBehavior, SqlCommand cmdHandler, SqlDataReader dataStream, BulkCopySimpleResultSet bulkCopyHandler, TdsParserStateObject stateObj, Boolean& dataReady)\r\n   at Microsoft.Data.SqlClient.SqlDataReader.TryConsumeMetaData()\r\n   at Microsoft.Data.SqlClient.SqlDataReader.get_MetaData()\r\n   at Microsoft.Data.SqlClient.SqlCommand.FinishExecuteReader(SqlDataReader ds, RunBehavior runBehavior, String resetOptionsString, Boolean isInternal, Boolean forDescribeParameterEncryption, Boolean shouldCacheForAlwaysEncrypted)\r\n   at Microsoft.Data.SqlClient.SqlCommand.RunExecuteReaderTds(CommandBehavior cmdBehavior, RunBehavior runBehavior, Boolean returnStream, Boolean isAsync, Int32 timeout, Task& task, Boolean asyncWrite, Boolean inRetry, SqlDataReader ds, Boolean describeParameterEncryptionRequest)\r\n   at Microsoft.Data.SqlClient.SqlCommand.RunExecuteReader(CommandBehavior cmdBehavior, RunBehavior runBehavior, Boolean returnStream, TaskCompletionSource`1 completion, Int32 timeout, Task& task, Boolean& usedCache, Boolean asyncWrite, Boolean inRetry, String method)\r\n   at Microsoft.Data.SqlClient.SqlCommand.RunExecuteReader(CommandBehavior cmdBehavior, RunBehavior runBehavior, Boolean returnStream, String method)\r\n   at Microsoft.Data.SqlClient.SqlCommand.ExecuteReader(CommandBehavior behavior)\r\n   at Microsoft.Data.SqlClient.SqlCommand.ExecuteDbDataReader(CommandBehavior behavior)\r\n   at Microsoft.EntityFrameworkCore.Storage.RelationalCommand.ExecuteReader(RelationalCommandParameterObject parameterObject)\r\n   at Microsoft.EntityFrameworkCore.Query.Internal.SingleQueryingEnumerable`1.Enumerator.InitializeReader(Enumerator enumerator)\r\n   at Microsoft.EntityFrameworkCore.Query.Internal.SingleQueryingEnumerable`1.Enumerator.<>c.<MoveNext>b__21_0(DbContext _, Enumerator enumerator)\r\n   at Microsoft.EntityFrameworkCore.SqlServer.Storage.Internal.SqlServerExecutionStrategy.Execute[TState,TResult](TState state, Func`3 operation, Func`3 verifySucceeded)\r\n   at Microsoft.EntityFrameworkCore.Query.Internal.SingleQueryingEnumerable`1.Enumerator.MoveNext()\r\n   at System.Linq.Enumerable.TryGetSingle[TSource](IEnumerable`1 source, Boolean& found)\r\n   at lambda_method84(Closure, QueryContext)\r\n   at Microsoft.EntityFrameworkCore.Query.Internal.QueryCompiler.Execute[TResult](Expression query)\r\n   at Microsoft.EntityFrameworkCore.Query.Internal.EntityQueryProvider.Execute[TResult](Expression expression)\r\n   at WEBtest.Db.Repositories.CartsDbRepository.TryGetByUserId(String userId) in C:\\Users\\Sasha\\Desktop\\Образованиие\\Учебные проекты\\WEBTest.Db\\Repositories\\CartsDbRepository.cs:line 22\r\n   at WEBtest.Views.Shared.Components.Cart.CartViewComponent.Invoke() in C:\\Users\\Sasha\\Desktop\\Образованиие\\Учебные проекты\\WEBtest\\Views\\Shared\\Components\\Cart\\CartViewComponent.cs:line 19\r\n   at lambda_method67(Closure, Object, Object[])\r\n   at Microsoft.AspNetCore.Mvc.ViewComponents.DefaultViewComponentInvoker.InvokeSyncCore(ObjectMethodExecutor executor, Object component, ViewComponentContext context)\r\n   at Microsoft.AspNetCore.Mvc.ViewComponents.DefaultViewComponentInvoker.InvokeAsync(ViewComponentContext context)\r\n   at Microsoft.AspNetCore.Mvc.ViewComponents.DefaultViewComponentInvoker.InvokeAsync(ViewComponentContext context)\r\n   at Microsoft.AspNetCore.Mvc.ViewComponents.DefaultViewComponentHelper.InvokeCoreAsync(ViewComponentDescriptor descriptor, Object arguments)\r\n   at AspNetCoreGeneratedDocument.Views_Shared_Header.ExecuteAsync()\r\n   at Microsoft.AspNetCore.Mvc.Razor.RazorView.RenderPageCoreAsync(IRazorPage page, ViewContext context)\r\n   at Microsoft.AspNetCore.Mvc.Razor.RazorView.RenderPageAsync(IRazorPage page, ViewContext context, Boolean invokeViewStarts)\r\n   at Microsoft.AspNetCore.Mvc.Razor.RazorView.RenderAsync(ViewContext context)\r\n   at Microsoft.AspNetCore.Mvc.ViewFeatures.HtmlHelper.RenderPartialCoreAsync(String partialViewName, Object model, ViewDataDictionary viewData, TextWriter writer)\r\n   at Microsoft.AspNetCore.Mvc.ViewFeatures.HtmlHelper.PartialAsync(String partialViewName, Object model, ViewDataDictionary viewData)\r\n   at AspNetCoreGeneratedDocument.Views_Shared__Layout.<ExecuteAsync>b__22_1()\r\n   at Microsoft.AspNetCore.Razor.Runtime.TagHelpers.TagHelperExecutionContext.SetOutputContentAsync()\r\n   at AspNetCoreGeneratedDocument.Views_Shared__Layout.ExecuteAsync()\r\n   at Microsoft.AspNetCore.Mvc.Razor.RazorView.RenderPageCoreAsync(IRazorPage page, ViewContext context)\r\n   at Microsoft.AspNetCore.Mvc.Razor.RazorView.RenderPageAsync(IRazorPage page, ViewContext context, Boolean invokeViewStarts)\r\n   at Microsoft.AspNetCore.Mvc.Razor.RazorView.RenderLayoutAsync(ViewContext context, ViewBufferTextWriter bodyWriter)\r\n   at Microsoft.AspNetCore.Mvc.Razor.RazorView.RenderAsync(ViewContext context)\r\n   at Microsoft.AspNetCore.Mvc.ViewFeatures.ViewExecutor.ExecuteAsync(ViewContext viewContext, String contentType, Nullable`1 statusCode)\r\n   at Microsoft.AspNetCore.Mvc.ViewFeatures.ViewExecutor.ExecuteAsync(ViewContext viewContext, String contentType, Nullable`1 statusCode)\r\n   at Microsoft.AspNetCore.Mvc.ViewFeatures.ViewExecutor.ExecuteAsync(ActionContext actionContext, IView view, ViewDataDictionary viewData, ITempDataDictionary tempData, String contentType, Nullable`1 statusCode)\r\n   at Microsoft.AspNetCore.Mvc.ViewFeatures.ViewResultExecutor.ExecuteAsync(ActionContext context, ViewResult result)\r\n   at Microsoft.AspNetCore.Mvc.ViewResult.ExecuteResultAsync(ActionContext context)\r\n   at Microsoft.AspNetCore.Mvc.Infrastructure.ResourceInvoker.<InvokeNextResultFilterAsync>g__Awaited|30_0[TFilter,TFilterAsync](ResourceInvoker invoker, Task lastTask, State next, Scope scope, Object state, Boolean isCompleted)\r\n   at Microsoft.AspNetCore.Mvc.Infrastructure.ResourceInvoker.Rethrow(ResultExecutedContextSealed context)\r\n   at Microsoft.AspNetCore.Mvc.Infrastructure.ResourceInvoker.ResultNext[TFilter,TFilterAsync](State& next, Scope& scope, Object& state, Boolean& isCompleted)\r\n   at Microsoft.AspNetCore.Mvc.Infrastructure.ResourceInvoker.InvokeResultFilters()\r\n--- End of stack trace from previous location ---\r\n   at Microsoft.AspNetCore.Mvc.Infrastructure.ResourceInvoker.<InvokeNextResourceFilter>g__Awaited|25_0(ResourceInvoker invoker, Task lastTask, State next, Scope scope, Object state, Boolean isCompleted)\r\n   at Microsoft.AspNetCore.Mvc.Infrastructure.ResourceInvoker.Rethrow(ResourceExecutedContextSealed context)\r\n   at Microsoft.AspNetCore.Mvc.Infrastructure.ResourceInvoker.Next(State& next, Scope& scope, Object& state, Boolean& isCompleted)\r\n   at Microsoft.AspNetCore.Mvc.Infrastructure.ResourceInvoker.InvokeFilterPipelineAsync()\r\n--- End of stack trace from previous location ---\r\n   at Microsoft.AspNetCore.Mvc.Infrastructure.ResourceInvoker.<InvokeAsync>g__Awaited|17_0(ResourceInvoker invoker, Task task, IDisposable scope)\r\n   at Microsoft.AspNetCore.Mvc.Infrastructure.ResourceInvoker.<InvokeAsync>g__Awaited|17_0(ResourceInvoker invoker, Task task, IDisposable scope)\r\n   at Microsoft.AspNetCore.Authorization.AuthorizationMiddleware.Invoke(HttpContext context)\r\n   at Serilog.AspNetCore.RequestLoggingMiddleware.Invoke(HttpContext httpContext)\r\nClientConnectionId:04ca876a-5c43-47ee-9ccf-b84865931091\r\nError Number:208,State:1,Class:16","@tr":"b23361bdbc4c372cf48cafa4c4b030ae","@sp":"8ae4b7c481dadbe3","RequestMethod":"GET","RequestPath":"/","StatusCode":500,"Elapsed":19777.0095,"SourceContext":"Serilog.AspNetCore.RequestLoggingMiddleware","RequestId":"0HNIC9F4MEE3B:00000001","ConnectionId":"0HNIC9F4MEE3B","ThreadId":9,"MachineName":"DESKTOP-JBMPMGQ","ApplicationName":"WEBTest"}
{"@t":"2026-01-05T11:16:13.8623983Z","@mt":"An unhandled exception has occurred while executing the request.","@l":"Error","@x":"Microsoft.Data.SqlClient.SqlException (0x80131904): Invalid object name 'Carts'.\r\n   at Microsoft.Data.SqlClient.SqlConnection.OnError(SqlException exception, Boolean breakConnection, Action`1 wrapCloseInAction)\r\n   at Microsoft.Data.SqlClient.SqlInternalConnection.OnError(SqlException exception, Boolean breakConnection, Action`1 wrapCloseInAction)\r\n   at Microsoft.Data.SqlClient.TdsParser.ThrowExceptionAndWarning(TdsParserStateObject stateObj, Boolean callerHasConnectionLock, Boolean asyncClose)\r\n   at Microsoft.Data.SqlClient.TdsParser.TryRun(RunBehavior runBehavior, SqlCommand cmdHandler, SqlDataReader dataStream, BulkCopySimpleResultSet bulkCopyHandler, TdsParserStateObject stateObj, Boolean& dataReady)\r\n   at Microsoft.Data.SqlClient.SqlDataReader.TryConsumeMetaData()\r\n   at Microsoft.Data.SqlClient.SqlDataReader.get_MetaData()\r\n   at Microsoft.Data.SqlClient.SqlCommand.FinishExecuteReader(SqlDataReader ds, RunBehavior runBehavior, String resetOptionsString, Boolean isInternal, Boolean forDescribeParameterEncryption, Boolean shouldCacheForAlwaysEncrypted)\r\n   at Microsoft.Data.SqlClient.SqlCommand.RunExecuteReaderTds(CommandBehavior cmdBehavior, RunBehavior runBehavior, Boolean returnStream, Boolean isAsync, Int32 timeout, Task& task, Boolean asyncWrite, Boolean inRetry, SqlDataReader ds, Boolean describeParameterEncryptionRequest)\r\n   at Microsoft.Data.SqlClient.SqlCommand.RunExecuteReader(CommandBehavior cmdBehavior, RunBehavior runBehavior, Boolean returnStream, TaskCompletionSource`1 completion, Int32 timeout, Task& task, Boolean& usedCache, Boolean asyncWrite, Boolean inRetry, String method)\r\n   at Microsoft.Data.SqlClient.SqlCommand.RunExecuteReader(CommandBehavior cmdBehavior, RunBehavior runBehavior, Boolean returnStream, String method)\r\n   at Microsoft.Data.SqlClient.SqlCommand.ExecuteReader(CommandBehavior behavior)\r\n   at Microsoft.Data.SqlClient.SqlCommand.ExecuteDbDataReader(CommandBehavior behavior)\r\n   at Microsoft.EntityFrameworkCore.Storage.RelationalCommand.ExecuteReader(RelationalCommandParameterObject parameterObject)\r\n   at Microsoft.EntityFrameworkCore.Query.Internal.SingleQueryingEnumerable`1.Enumerator.InitializeReader(Enumerator enumerator)\r\n   at Microsoft.EntityFrameworkCore.Query.Internal.SingleQueryingEnumerable`1.Enumerator.<>c.<MoveNext>b__21_0(DbContext _, Enumerator enumerator)\r\n   at Microsoft.EntityFrameworkCore.SqlServer.Storage.Internal.SqlServerExecutionStrategy.Execute[TState,TResult](TState state, Func`3 operation, Func`3 verifySucceeded)\r\n   at Microsoft.EntityFrameworkCore.Query.Internal.SingleQueryingEnumerable`1.Enumerator.MoveNext()\r\n   at System.Linq.Enumerable.TryGetSingle[TSource](IEnumerable`1 source, Boolean& found)\r\n   at lambda_method84(Closure, QueryContext)\r\n   at Microsoft.EntityFrameworkCore.Query.Internal.QueryCompiler.Execute[TResult](Expression query)\r\n   at Microsoft.EntityFrameworkCore.Query.Internal.EntityQueryProvider.Execute[TResult](Expression expression)\r\n   at WEBtest.Db.Repositories.CartsDbRepository.TryGetByUserId(String userId) in C:\\Users\\Sasha\\Desktop\\Образованиие\\Учебные проекты\\WEBTest.Db\\Repositories\\CartsDbRepository.cs:line 22\r\n   at WEBtest.Views.Shared.Components.Cart.CartViewComponent.Invoke() in C:\\Users\\Sasha\\Desktop\\Образованиие\\Учебные проекты\\WEBtest\\Views\\Shared\\Components\\Cart\\CartViewComponent.cs:line 19\r\n   at lambda_method67(Closure, Object, Object[])\r\n   at Microsoft.AspNetCore.Mvc.ViewComponents.DefaultViewComponentInvoker.InvokeSyncCore(ObjectMethodExecutor executor, Object component, ViewComponentContext context)\r\n   at Microsoft.AspNetCore.Mvc.ViewComponents.DefaultViewComponentInvoker.InvokeAsync(ViewComponentContext context)\r\n   at Microsoft.AspNetCore.Mvc.ViewComponents.DefaultViewComponentInvoker.InvokeAsync(ViewComponentContext context)\r\n   at Microsoft.AspNetCore.Mvc.ViewComponents.DefaultViewComponentHelper.InvokeCoreAsync(ViewComponentDescriptor descriptor, Object arguments)\r\n   at AspNetCoreGeneratedDocument.Views_Shared_Header.ExecuteAsync()\r\n   at Microsoft.AspNetCore.Mvc.Razor.RazorView.RenderPageCoreAsync(IRazorPage page, ViewContext context)\r\n   at Microsoft.AspNetCore.Mvc.Razor.RazorView.RenderPageAsync(IRazorPage page, ViewContext context, Boolean invokeViewStarts)\r\n   at Microsoft.AspNetCore.Mvc.Razor.RazorView.RenderAsync(ViewContext context)\r\n   at Microsoft.AspNetCore.Mvc.ViewFeatures.HtmlHelper.RenderPartialCoreAsync(String partialViewName, Object model, ViewDataDictionary viewData, TextWriter writer)\r\n   at Microsoft.AspNetCore.Mvc.ViewFeatures.HtmlHelper.PartialAsync(String partialViewName, Object model, ViewDataDictionary viewData)\r\n   at AspNetCoreGeneratedDocument.Views_Shared__Layout.<ExecuteAsync>b__22_1()\r\n   at Microsoft.AspNetCore.Razor.Runtime.TagHelpers.TagHelperExecutionContext.SetOutputContentAsync()\r\n   at AspNetCoreGeneratedDocument.Views_Shared__Layout.ExecuteAsync()\r\n   at Microsoft.AspNetCore.Mvc.Razor.RazorView.RenderPageCoreAsync(IRazorPage page, ViewContext context)\r\n   at Microsoft.AspNetCore.Mvc.Razor.RazorView.RenderPageAsync(IRazorPage page, ViewContext context, Boolean invokeViewStarts)\r\n   at Microsoft.AspNetCore.Mvc.Razor.RazorView.RenderLayoutAsync(ViewContext context, ViewBufferTextWriter bodyWriter)\r\n   at Microsoft.AspNetCore.Mvc.Razor.RazorView.RenderAsync(ViewContext context)\r\n   at Microsoft.AspNetCore.Mvc.ViewFeatures.ViewExecutor.ExecuteAsync(ViewContext viewContext, String contentType, Nullable`1 statusCode)\r\n   at Microsoft.AspNetCore.Mvc.ViewFeatures.ViewExecutor.ExecuteAsync(ViewContext viewContext, String contentType, Nullable`1 statusCode)\r\n   at Microsoft.AspNetCore.Mvc.ViewFeatures.ViewExecutor.ExecuteAsync(ActionContext actionContext, IView view, ViewDataDictionary viewData, ITempDataDictionary tempData, String contentType, Nullable`1 statusCode)\r\n   at Microsoft.AspNetCore.Mvc.ViewFeatures.ViewResultExecutor.ExecuteAsync(ActionContext context, ViewResult result)\r\n   at Microsoft.AspNetCore.Mvc.ViewResult.ExecuteResultAsync(ActionContext context)\r\n   at Microsoft.AspNetCore.Mvc.Infrastructure.ResourceInvoker.<InvokeNextResultFilterAsync>g__Awaited|30_0[TFilter,TFilterAsync](ResourceInvoker invoker, Task lastTask, State next, Scope scope, Object state, Boolean isCompleted)\r\n   at Microsoft.AspNetCore.Mvc.Infrastructure.ResourceInvoker.Rethrow(ResultExecutedContextSealed context)\r\n   at Microsoft.AspNetCore.Mvc.Infrastructure.ResourceInvoker.ResultNext[TFilter,TFilterAsync](State& next, Scope& scope, Object& state, Boolean& isCompleted)\r\n   at Microsoft.AspNetCore.Mvc.Infrastructure.ResourceInvoker.InvokeResultFilters()\r\n--- End of stack trace from previous location ---\r\n   at Microsoft.AspNetCore.Mvc.Infrastructure.ResourceInvoker.<InvokeNextResourceFilter>g__Awaited|25_0(ResourceInvoker invoker, Task lastTask, State next, Scope scope, Object state, Boolean isCompleted)\r\n   at Microsoft.AspNetCore.Mvc.Infrastructure.ResourceInvoker.Rethrow(ResourceExecutedContextSealed context)\r\n   at Microsoft.AspNetCore.Mvc.Infrastructure.ResourceInvoker.Next(State& next, Scope& scope, Object& state, Boolean& isCompleted)\r\n   at Microsoft.AspNetCore.Mvc.Infrastructure.ResourceInvoker.InvokeFilterPipelineAsync()\r\n--- End of stack trace from previous location ---\r\n   at Microsoft.AspNetCore.Mvc.Infrastructure.ResourceInvoker.<InvokeAsync>g__Awaited|17_0(ResourceInvoker invoker, Task task, IDisposable scope)\r\n   at Microsoft.AspNetCore.Mvc.Infrastructure.ResourceInvoker.<InvokeAsync>g__Awaited|17_0(ResourceInvoker invoker, Task task, IDisposable scope)\r\n   at Microsoft.AspNetCore.Authorization.AuthorizationMiddleware.Invoke(HttpContext context)\r\n   at Serilog.AspNetCore.RequestLoggingMiddleware.Invoke(HttpContext httpContext)\r\n   at Microsoft.AspNetCore.Localization.RequestLocalizationMiddleware.Invoke(HttpContext context)\r\n   at Microsoft.AspNetCore.Authentication.AuthenticationMiddleware.Invoke(HttpContext context)\r\n   at Microsoft.AspNetCore.Diagnostics.DeveloperExceptionPageMiddlewareImpl.Invoke(HttpContext context)\r\nClientConnectionId:04ca876a-5c43-47ee-9ccf-b84865931091\r\nError Number:208,State:1,Class:16","@tr":"b23361bdbc4c372cf48cafa4c4b030ae","@sp":"8ae4b7c481dadbe3","EventId":{"Id":1,"Name":"UnhandledException"},"SourceContext":"Microsoft.AspNetCore.Diagnostics.DeveloperExceptionPageMiddleware","RequestId":"0HNIC9F4MEE3B:00000001","RequestPath":"/","ConnectionId":"0HNIC9F4MEE3B","ThreadId":9,"MachineName":"DESKTOP-JBMPMGQ","ApplicationName":"WEBTest"}
{"@t":"2026-01-05T11:19:09.7417788Z","@mt":"No store type was specified for the decimal property '{property}' on entity type '{entityType}'. This will cause values to be silently truncated if they do not fit in the default precision and scale. Explicitly specify the SQL server column type that can accommodate all the values in 'OnModelCreating' using 'HasColumnType', specify precision and scale using 'HasPrecision', or configure a value converter using 'HasConversion'.","@l":"Warning","@tr":"405347e7d499c9805ed63dc638079a66","@sp":"a378450d9a200101","property":"Cost","entityType":"Product","EventId":{"Id":30000,"Name":"Microsoft.EntityFrameworkCore.Model.Validation.DecimalTypeDefaultWarning"},"SourceContext":"Microsoft.EntityFrameworkCore.Model.Validation","ActionId":"21e2dc3a-84d7-43bf-a033-17171954e295","ActionName":"WEBtest.Controllers.HomeController.Index (WEBtest)","RequestId":"0HNIC9GUDVQ8O:00000001","RequestPath":"/","ConnectionId":"0HNIC9GUDVQ8O","ThreadId":12,"MachineName":"DESKTOP-JBMPMGQ","ApplicationName":"WEBTest"}
{"@t":"2026-01-05T11:19:11.0278232Z","@mt":"Failed executing DbCommand ({elapsed}ms) [Parameters=[{parameters}], CommandType='{commandType}', CommandTimeout='{commandTimeout}']{newLine}{commandText}","@l":"Error","@tr":"405347e7d499c9805ed63dc638079a66","@sp":"a378450d9a200101","elapsed":"45","parameters":"@__userId_0='?' (Size = 4000)","commandType":"Text","commandTimeout":30,"newLine":"\r\n","commandText":"SELECT [t].[Id], [t].[UserId], [t0].[Id], [t0].[CartId], [t0].[ProductId], [t0].[Quantity], [t0].[Id0], [t0].[Cost], [t0].[Description], [t0].[Name], [t0].[PhotoPath]\r\nFROM (\r\n    SELECT TOP(1) [c].[Id], [c].[UserId]\r\n    FROM [Carts] AS [c]\r\n    WHERE [c].[UserId] = @__userId_0\r\n) AS [t]\r\nLEFT JOIN (\r\n    SELECT [c0].[Id], [c0].[CartId], [c0].[ProductId], [c0].[Quantity], [p].[Id] AS [Id0], [p].[Cost], [p].[Description], [p].[Name], [p].[PhotoPath]\r\n    FROM [CartItems] AS [c0]\r\n    INNER JOIN [Products] AS [p] ON [c0].[ProductId] = [p].[Id]\r\n) AS [t0] ON [t].[Id] = [t0].[CartId]\r\nORDER BY [t].[Id], [t0].[Id]","EventId":{"Id":20102,"Name":"Microsoft.EntityFrameworkCore.Database.Command.CommandError"},"SourceContext":"Microsoft.EntityFrameworkCore.Database.Command","ViewComponentName":"WEBtest.Views.Shared.Components.Cart.CartViewComponent","ViewComponentId":"c017fc96-89b0-405a-8f89-6ae06ea4a517","ActionId":"21e2dc3a-84d7-43bf-a033-17171954e295","ActionName":"WEBtest.Controllers.HomeController.Index (WEBtest)","RequestId":"0HNIC9GUDVQ8O:00000001","RequestPath":"/","ConnectionId":"0HNIC9GUDVQ8O","ThreadId":12,"MachineName":"DESKTOP-JBMPMGQ","ApplicationName":"WEBTest"}
{"@t":"2026-01-05T11:19:11.0503824Z","@mt":"An exception occurred while iterating over the results of a query for context type '{contextType}'.{newline}{error}","@l":"Error","@x":"Microsoft.Data.SqlClient.SqlException (0x80131904): Invalid object name 'Carts'.\r\n   at Microsoft.Data.SqlClient.SqlConnection.OnError(SqlException exception, Boolean breakConnection, Action`1 wrapCloseInAction)\r\n   at Microsoft.Data.SqlClient.SqlInternalConnection.OnError(SqlException exception, Boolean breakConnection, Action`1 wrapCloseInAction)\r\n   at Microsoft.Data.SqlClient.TdsParser.ThrowExceptionAndWarning(TdsParserStateObject stateObj, Boolean callerHasConnectionLock, Boolean asyncClose)\r\n   at Microsoft.Data.SqlClient.TdsParser.TryRun(RunBehavior runBehavior, SqlCommand cmdHandler, SqlDataReader dataStream, BulkCopySimpleResultSet bulkCopyHandler, TdsParserStateObject stateObj, Boolean& dataReady)\r\n   at Microsoft.Data.SqlClient.SqlDataReader.TryConsumeMetaData()\r\n   at Microsoft.Data.SqlClient.SqlDataReader.get_MetaData()\r\n   at Microsoft.Data.SqlClient.SqlCommand.FinishExecuteReader(SqlDataReader ds, RunBehavior runBehavior, String resetOptionsString, Boolean isInternal, Boolean forDescribeParameterEncryption, Boolean shouldCacheForAlwaysEncrypted)\r\n   at Microsoft.Data.SqlClient.SqlCommand.RunExecuteReaderTds(CommandBehavior cmdBehavior, RunBehavior runBehavior, Boolean returnStream, Boolean isAsync, Int32 timeout, Task& task, Boolean asyncWrite, Boolean inRetry, SqlDataReader ds, Boolean describeParameterEncryptionRequest)\r\n   at Microsoft.Data.SqlClient.SqlCommand.RunExecuteReader(CommandBehavior cmdBehavior, RunBehavior runBehavior, Boolean returnStream, TaskCompletionSource`1 completion, Int32 timeout, Task& task, Boolean& usedCache, Boolean asyncWrite, Boolean inRetry, String method)\r\n   at Microsoft.Data.SqlClient.SqlCommand.RunExecuteReader(CommandBehavior cmdBehavior, RunBehavior runBehavior, Boolean returnStream, String method)\r\n   at Microsoft.Data.SqlClient.SqlCommand.ExecuteReader(CommandBehavior behavior)\r\n   at Microsoft.Data.SqlClient.SqlCommand.ExecuteDbDataReader(CommandBehavior behavior)\r\n   at Microsoft.EntityFrameworkCore.Storage.RelationalCommand.ExecuteReader(RelationalCommandParameterObject parameterObject)\r\n   at Microsoft.EntityFrameworkCore.Query.Internal.SingleQueryingEnumerable`1.Enumerator.InitializeReader(Enumerator enumerator)\r\n   at Microsoft.EntityFrameworkCore.Query.Internal.SingleQueryingEnumerable`1.Enumerator.<>c.<MoveNext>b__21_0(DbContext _, Enumerator enumerator)\r\n   at Microsoft.EntityFrameworkCore.SqlServer.Storage.Internal.SqlServerExecutionStrategy.Execute[TState,TResult](TState state, Func`3 operation, Func`3 verifySucceeded)\r\n   at Microsoft.EntityFrameworkCore.Query.Internal.SingleQueryingEnumerable`1.Enumerator.MoveNext()\r\nClientConnectionId:61a6653e-64f0-4835-9951-564a79c91876\r\nError Number:208,State:1,Class:16","@tr":"405347e7d499c9805ed63dc638079a66","@sp":"a378450d9a200101","contextType":"WEBTest.Db.DatabaseContext","newline":"\r\n","error":"Microsoft.Data.SqlClient.SqlException (0x80131904): Invalid object name 'Carts'.\r\n   at Microsoft.Data.SqlClient.SqlConnection.OnError(SqlException exception, Boolean breakConnection, Action`1 wrapCloseInAction)\r\n   at Microsoft.Data.SqlClient.SqlInternalConnection.OnError(SqlException exception, Boolean breakConnection, Action`1 wrapCloseInAction)\r\n   at Microsoft.Data.SqlClient.TdsParser.ThrowExceptionAndWarning(TdsParserStateObject stateObj, Boolean callerHasConnectionLock, Boolean asyncClose)\r\n   at Microsoft.Data.SqlClient.TdsParser.TryRun(RunBehavior runBehavior, SqlCommand cmdHandler, SqlDataReader dataStream, BulkCopySimpleResultSet bulkCopyHandler, TdsParserStateObject stateObj, Boolean& dataReady)\r\n   at Microsoft.Data.SqlClient.SqlDataReader.TryConsumeMetaData()\r\n   at Microsoft.Data.SqlClient.SqlDataReader.get_MetaData()\r\n   at Microsoft.Data.SqlClient.SqlCommand.FinishExecuteReader(SqlDataReader ds, RunBehavior runBehavior, String resetOptionsString, Boolean isInternal, Boolean forDescribeParameterEncryption, Boolean shouldCacheForAlwaysEncrypted)\r\n   at Microsoft.Data.SqlClient.SqlCommand.RunExecuteReaderTds(CommandBehavior cmdBehavior, RunBehavior runBehavior, Boolean returnStream, Boolean isAsync, Int32 timeout, Task& task, Boolean asyncWrite, Boolean inRetry, SqlDataReader ds, Boolean describeParameterEncryptionRequest)\r\n   at Microsoft.Data.SqlClient.SqlCommand.RunExecuteReader(CommandBehavior cmdBehavior, RunBehavior runBehavior, Boolean returnStream, TaskCompletionSource`1 completion, Int32 timeout, Task& task, Boolean& usedCache, Boolean asyncWrite, Boolean inRetry, String method)\r\n   at Microsoft.Data.SqlClient.SqlCommand.RunExecuteReader(CommandBehavior cmdBehavior, RunBehavior runBehavior, Boolean returnStream, String method)\r\n   at Microsoft.Data.SqlClient.SqlCommand.ExecuteReader(CommandBehavior behavior)\r\n   at Microsoft.Data.SqlClient.SqlCommand.ExecuteDbDataReader(CommandBehavior behavior)\r\n   at Microsoft.EntityFrameworkCore.Storage.RelationalCommand.ExecuteReader(RelationalCommandParameterObject parameterObject)\r\n   at Microsoft.EntityFrameworkCore.Query.Internal.SingleQueryingEnumerable`1.Enumerator.InitializeReader(Enumerator enumerator)\r\n   at Microsoft.EntityFrameworkCore.Query.Internal.SingleQueryingEnumerable`1.Enumerator.<>c.<MoveNext>b__21_0(DbContext _, Enumerator enumerator)\r\n   at Microsoft.EntityFrameworkCore.SqlServer.Storage.Internal.SqlServerExecutionStrategy.Execute[TState,TResult](TState state, Func`3 operation, Func`3 verifySucceeded)\r\n   at Microsoft.EntityFrameworkCore.Query.Internal.SingleQueryingEnumerable`1.Enumerator.MoveNext()\r\nClientConnectionId:61a6653e-64f0-4835-9951-564a79c91876\r\nError Number:208,State:1,Class:16","EventId":{"Id":10100,"Name":"Microsoft.EntityFrameworkCore.Query.QueryIterationFailed"},"SourceContext":"Microsoft.EntityFrameworkCore.Query","ViewComponentName":"WEBtest.Views.Shared.Components.Cart.CartViewComponent","ViewComponentId":"c017fc96-89b0-405a-8f89-6ae06ea4a517","ActionId":"21e2dc3a-84d7-43bf-a033-17171954e295","ActionName":"WEBtest.Controllers.HomeController.Index (WEBtest)","RequestId":"0HNIC9GUDVQ8O:00000001","RequestPath":"/","ConnectionId":"0HNIC9GUDVQ8O","ThreadId":12,"MachineName":"DESKTOP-JBMPMGQ","ApplicationName":"WEBTest"}
{"@t":"2026-01-05T11:34:43.3825188Z","@mt":"No store type was specified for the decimal property '{property}' on entity type '{entityType}'. This will cause values to be silently truncated if they do not fit in the default precision and scale. Explicitly specify the SQL server column type that can accommodate all the values in 'OnModelCreating' using 'HasColumnType', specify precision and scale using 'HasPrecision', or configure a value converter using 'HasConversion'.","@l":"Warning","@tr":"8bb611464329983ba2f9cbf5b6e223d9","@sp":"7f4aa29baefea9dd","property":"Cost","entityType":"Product","EventId":{"Id":30000,"Name":"Microsoft.EntityFrameworkCore.Model.Validation.DecimalTypeDefaultWarning"},"SourceContext":"Microsoft.EntityFrameworkCore.Model.Validation","ActionId":"b54610de-eb61-4669-a1be-a3cdd0601fc7","ActionName":"WEBtest.Controllers.HomeController.Index (WEBtest)","RequestId":"0HNIC9PL1THO6:00000001","RequestPath":"/","ConnectionId":"0HNIC9PL1THO6","ThreadId":7,"MachineName":"DESKTOP-JBMPMGQ","ApplicationName":"WEBTest"}
{"@t":"2026-01-05T11:34:44.6650342Z","@mt":"Failed executing DbCommand ({elapsed}ms) [Parameters=[{parameters}], CommandType='{commandType}', CommandTimeout='{commandTimeout}']{newLine}{commandText}","@l":"Error","@tr":"8bb611464329983ba2f9cbf5b6e223d9","@sp":"7f4aa29baefea9dd","elapsed":"40","parameters":"@__userId_0='?' (Size = 4000)","commandType":"Text","commandTimeout":30,"newLine":"\r\n","commandText":"SELECT [t].[Id], [t].[UserId], [t0].[Id], [t0].[CartId], [t0].[ProductId], [t0].[Quantity], [t0].[Id0], [t0].[Cost], [t0].[Description], [t0].[Name], [t0].[PhotoPath]\r\nFROM (\r\n    SELECT TOP(1) [c].[Id], [c].[UserId]\r\n    FROM [Carts] AS [c]\r\n    WHERE [c].[UserId] = @__userId_0\r\n) AS [t]\r\nLEFT JOIN (\r\n    SELECT [c0].[Id], [c0].[CartId], [c0].[ProductId], [c0].[Quantity], [p].[Id] AS [Id0], [p].[Cost], [p].[Description], [p].[Name], [p].[PhotoPath]\r\n    FROM [CartItems] AS [c0]\r\n    INNER JOIN [Products] AS [p] ON [c0].[ProductId] = [p].[Id]\r\n) AS [t0] ON [t].[Id] = [t0].[CartId]\r\nORDER BY [t].[Id], [t0].[Id]","EventId":{"Id":20102,"Name":"Microsoft.EntityFrameworkCore.Database.Command.CommandError"},"SourceContext":"Microsoft.EntityFrameworkCore.Database.Command","ViewComponentName":"WEBtest.Views.Shared.Components.Cart.CartViewComponent","ViewComponentId":"0f5f198a-c899-4616-8ef7-38ed9218aa9c","ActionId":"b54610de-eb61-4669-a1be-a3cdd0601fc7","ActionName":"WEBtest.Controllers.HomeController.Index (WEBtest)","RequestId":"0HNIC9PL1THO6:00000001","RequestPath":"/","ConnectionId":"0HNIC9PL1THO6","ThreadId":7,"MachineName":"DESKTOP-JBMPMGQ","ApplicationName":"WEBTest"}
{"@t":"2026-01-05T11:34:44.6861051Z","@mt":"An exception occurred while iterating over the results of a query for context type '{contextType}'.{newline}{error}","@l":"Error","@x":"Microsoft.Data.SqlClient.SqlException (0x80131904): Invalid object name 'Carts'.\r\n   at Microsoft.Data.SqlClient.SqlConnection.OnError(SqlException exception, Boolean breakConnection, Action`1 wrapCloseInAction)\r\n   at Microsoft.Data.SqlClient.SqlInternalConnection.OnError(SqlException exception, Boolean breakConnection, Action`1 wrapCloseInAction)\r\n   at Microsoft.Data.SqlClient.TdsParser.ThrowExceptionAndWarning(TdsParserStateObject stateObj, Boolean callerHasConnectionLock, Boolean asyncClose)\r\n   at Microsoft.Data.SqlClient.TdsParser.TryRun(RunBehavior runBehavior, SqlCommand cmdHandler, SqlDataReader dataStream, BulkCopySimpleResultSet bulkCopyHandler, TdsParserStateObject stateObj, Boolean& dataReady)\r\n   at Microsoft.Data.SqlClient.SqlDataReader.TryConsumeMetaData()\r\n   at Microsoft.Data.SqlClient.SqlDataReader.get_MetaData()\r\n   at Microsoft.Data.SqlClient.SqlCommand.FinishExecuteReader(SqlDataReader ds, RunBehavior runBehavior, String resetOptionsString, Boolean isInternal, Boolean forDescribeParameterEncryption, Boolean shouldCacheForAlwaysEncrypted)\r\n   at Microsoft.Data.SqlClient.SqlCommand.RunExecuteReaderTds(CommandBehavior cmdBehavior, RunBehavior runBehavior, Boolean returnStream, Boolean isAsync, Int32 timeout, Task& task, Boolean asyncWrite, Boolean inRetry, SqlDataReader ds, Boolean describeParameterEncryptionRequest)\r\n   at Microsoft.Data.SqlClient.SqlCommand.RunExecuteReader(CommandBehavior cmdBehavior, RunBehavior runBehavior, Boolean returnStream, TaskCompletionSource`1 completion, Int32 timeout, Task& task, Boolean& usedCache, Boolean asyncWrite, Boolean inRetry, String method)\r\n   at Microsoft.Data.SqlClient.SqlCommand.RunExecuteReader(CommandBehavior cmdBehavior, RunBehavior runBehavior, Boolean returnStream, String method)\r\n   at Microsoft.Data.SqlClient.SqlCommand.ExecuteReader(CommandBehavior behavior)\r\n   at Microsoft.Data.SqlClient.SqlCommand.ExecuteDbDataReader(CommandBehavior behavior)\r\n   at Microsoft.EntityFrameworkCore.Storage.RelationalCommand.ExecuteReader(RelationalCommandParameterObject parameterObject)\r\n   at Microsoft.EntityFrameworkCore.Query.Internal.SingleQueryingEnumerable`1.Enumerator.InitializeReader(Enumerator enumerator)\r\n   at Microsoft.EntityFrameworkCore.Query.Internal.SingleQueryingEnumerable`1.Enumerator.<>c.<MoveNext>b__21_0(DbContext _, Enumerator enumerator)\r\n   at Microsoft.EntityFrameworkCore.SqlServer.Storage.Internal.SqlServerExecutionStrategy.Execute[TState,TResult](TState state, Func`3 operation, Func`3 verifySucceeded)\r\n   at Microsoft.EntityFrameworkCore.Query.Internal.SingleQueryingEnumerable`1.Enumerator.MoveNext()\r\nClientConnectionId:c6683f33-f707-4bef-ba93-95ada26681b2\r\nError Number:208,State:1,Class:16","@tr":"8bb611464329983ba2f9cbf5b6e223d9","@sp":"7f4aa29baefea9dd","contextType":"WEBTest.Db.DatabaseContext","newline":"\r\n","error":"Microsoft.Data.SqlClient.SqlException (0x80131904): Invalid object name 'Carts'.\r\n   at Microsoft.Data.SqlClient.SqlConnection.OnError(SqlException exception, Boolean breakConnection, Action`1 wrapCloseInAction)\r\n   at Microsoft.Data.SqlClient.SqlInternalConnection.OnError(SqlException exception, Boolean breakConnection, Action`1 wrapCloseInAction)\r\n   at Microsoft.Data.SqlClient.TdsParser.ThrowExceptionAndWarning(TdsParserStateObject stateObj, Boolean callerHasConnectionLock, Boolean asyncClose)\r\n   at Microsoft.Data.SqlClient.TdsParser.TryRun(RunBehavior runBehavior, SqlCommand cmdHandler, SqlDataReader dataStream, BulkCopySimpleResultSet bulkCopyHandler, TdsParserStateObject stateObj, Boolean& dataReady)\r\n   at Microsoft.Data.SqlClient.SqlDataReader.TryConsumeMetaData()\r\n   at Microsoft.Data.SqlClient.SqlDataReader.get_MetaData()\r\n   at Microsoft.Data.SqlClient.SqlCommand.FinishExecuteReader(SqlDataReader ds, RunBehavior runBehavior, String resetOptionsString, Boolean isInternal, Boolean forDescribeParameterEncryption, Boolean shouldCacheForAlwaysEncrypted)\r\n   at Microsoft.Data.SqlClient.SqlCommand.RunExecuteReaderTds(CommandBehavior cmdBehavior, RunBehavior runBehavior, Boolean returnStream, Boolean isAsync, Int32 timeout, Task& task, Boolean asyncWrite, Boolean inRetry, SqlDataReader ds, Boolean describeParameterEncryptionRequest)\r\n   at Microsoft.Data.SqlClient.SqlCommand.RunExecuteReader(CommandBehavior cmdBehavior, RunBehavior runBehavior, Boolean returnStream, TaskCompletionSource`1 completion, Int32 timeout, Task& task, Boolean& usedCache, Boolean asyncWrite, Boolean inRetry, String method)\r\n   at Microsoft.Data.SqlClient.SqlCommand.RunExecuteReader(CommandBehavior cmdBehavior, RunBehavior runBehavior, Boolean returnStream, String method)\r\n   at Microsoft.Data.SqlClient.SqlCommand.ExecuteReader(CommandBehavior behavior)\r\n   at Microsoft.Data.SqlClient.SqlCommand.ExecuteDbDataReader(CommandBehavior behavior)\r\n   at Microsoft.EntityFrameworkCore.Storage.RelationalCommand.ExecuteReader(RelationalCommandParameterObject parameterObject)\r\n   at Microsoft.EntityFrameworkCore.Query.Internal.SingleQueryingEnumerable`1.Enumerator.InitializeReader(Enumerator enumerator)\r\n   at Microsoft.EntityFrameworkCore.Query.Internal.SingleQueryingEnumerable`1.Enumerator.<>c.<MoveNext>b__21_0(DbContext _, Enumerator enumerator)\r\n   at Microsoft.EntityFrameworkCore.SqlServer.Storage.Internal.SqlServerExecutionStrategy.Execute[TState,TResult](TState state, Func`3 operation, Func`3 verifySucceeded)\r\n   at Microsoft.EntityFrameworkCore.Query.Internal.SingleQueryingEnumerable`1.Enumerator.MoveNext()\r\nClientConnectionId:c6683f33-f707-4bef-ba93-95ada26681b2\r\nError Number:208,State:1,Class:16","EventId":{"Id":10100,"Name":"Microsoft.EntityFrameworkCore.Query.QueryIterationFailed"},"SourceContext":"Microsoft.EntityFrameworkCore.Query","ViewComponentName":"WEBtest.Views.Shared.Components.Cart.CartViewComponent","ViewComponentId":"0f5f198a-c899-4616-8ef7-38ed9218aa9c","ActionId":"b54610de-eb61-4669-a1be-a3cdd0601fc7","ActionName":"WEBtest.Controllers.HomeController.Index (WEBtest)","RequestId":"0HNIC9PL1THO6:00000001","RequestPath":"/","ConnectionId":"0HNIC9PL1THO6","ThreadId":7,"MachineName":"DESKTOP-JBMPMGQ","ApplicationName":"WEBTest"}
{"@t":"2026-01-05T11:37:03.7489722Z","@mt":"No store type was specified for the decimal property '{property}' on entity type '{entityType}'. This will cause values to be silently truncated if they do not fit in the default precision and scale. Explicitly specify the SQL server column type that can accommodate all the values in 'OnModelCreating' using 'HasColumnType', specify precision and scale using 'HasPrecision', or configure a value converter using 'HasConversion'.","@l":"Warning","@tr":"a982a8f5bc048c8dcd49ac822205b904","@sp":"aa6bfb989d38d57f","property":"Cost","entityType":"Product","EventId":{"Id":30000,"Name":"Microsoft.EntityFrameworkCore.Model.Validation.DecimalTypeDefaultWarning"},"SourceContext":"Microsoft.EntityFrameworkCore.Model.Validation","ActionId":"1aaf40bf-5fce-4995-a97e-3af48e438bb5","ActionName":"WEBtest.Controllers.HomeController.Index (WEBtest)","RequestId":"0HNIC9QUKJS2Q:00000001","RequestPath":"/","ConnectionId":"0HNIC9QUKJS2Q","ThreadId":14,"MachineName":"DESKTOP-JBMPMGQ","ApplicationName":"WEBTest"}
{"@t":"2026-01-05T11:37:04.4066845Z","@mt":"No store type was specified for the decimal property '{property}' on entity type '{entityType}'. This will cause values to be silently truncated if they do not fit in the default precision and scale. Explicitly specify the SQL server column type that can accommodate all the values in 'OnModelCreating' using 'HasColumnType', specify precision and scale using 'HasPrecision', or configure a value converter using 'HasConversion'.","@l":"Warning","@tr":"a982a8f5bc048c8dcd49ac822205b904","@sp":"aa6bfb989d38d57f","property":"Cost","entityType":"Product","EventId":{"Id":30000,"Name":"Microsoft.EntityFrameworkCore.Model.Validation.DecimalTypeDefaultWarning"},"SourceContext":"Microsoft.EntityFrameworkCore.Model.Validation","ActionId":"1aaf40bf-5fce-4995-a97e-3af48e438bb5","ActionName":"WEBtest.Controllers.HomeController.Index (WEBtest)","RequestId":"0HNIC9QUKJS2Q:00000001","RequestPath":"/","ConnectionId":"0HNIC9QUKJS2Q","ThreadId":14,"MachineName":"DESKTOP-JBMPMGQ","ApplicationName":"WEBTest"}
{"@t":"2026-01-05T11:37:05.6928691Z","@mt":"HTTP {RequestMethod} {RequestPath} responded {StatusCode} in {Elapsed:0.0000} ms","@r":["3555.8686"],"@tr":"a982a8f5bc048c8dcd49ac822205b904","@sp":"aa6bfb989d38d57f","RequestMethod":"GET","RequestPath":"/","StatusCode":200,"Elapsed":3555.8686,"SourceContext":"Serilog.AspNetCore.RequestLoggingMiddleware","RequestId":"0HNIC9QUKJS2Q:00000001","ConnectionId":"0HNIC9QUKJS2Q","ThreadId":12,"MachineName":"DESKTOP-JBMPMGQ","ApplicationName":"WEBTest"}
{"@t":"2026-01-05T11:44:09.9435024Z","@mt":"HTTP {RequestMethod} {RequestPath} responded {StatusCode} in {Elapsed:0.0000} ms","@r":["316.2165"],"@tr":"def8d592841d1faf4a5a8c97936ff7f7","@sp":"d770c7c3a66f6329","RequestMethod":"GET","RequestPath":"/Admin/Order","StatusCode":200,"Elapsed":316.2165,"SourceContext":"Serilog.AspNetCore.RequestLoggingMiddleware","RequestId":"0HNIC9QUKJS2R:00000001","ConnectionId":"0HNIC9QUKJS2R","ThreadId":22,"MachineName":"DESKTOP-JBMPMGQ","ApplicationName":"WEBTest"}
{"@t":"2026-01-05T11:44:12.7577490Z","@mt":"HTTP {RequestMethod} {RequestPath} responded {StatusCode} in {Elapsed:0.0000} ms","@r":["116.6743"],"@tr":"1a0a318d9cf8c071184930d8e9d1b76a","@sp":"2664b489094af164","RequestMethod":"GET","RequestPath":"/Admin/Product","StatusCode":200,"Elapsed":116.6743,"SourceContext":"Serilog.AspNetCore.RequestLoggingMiddleware","RequestId":"0HNIC9QUKJS2R:00000007","ConnectionId":"0HNIC9QUKJS2R","ThreadId":29,"MachineName":"DESKTOP-JBMPMGQ","ApplicationName":"WEBTest"}
{"@t":"2026-01-05T11:44:13.5631276Z","@mt":"HTTP {RequestMethod} {RequestPath} responded {StatusCode} in {Elapsed:0.0000} ms","@r":["91.8810"],"@tr":"22ab1d78e0be1b3000fac4e47ad67f66","@sp":"0a202866a3002451","RequestMethod":"GET","RequestPath":"/Admin/Product/Add","StatusCode":200,"Elapsed":91.881,"SourceContext":"Serilog.AspNetCore.RequestLoggingMiddleware","RequestId":"0HNIC9QUKJS2R:0000000D","ConnectionId":"0HNIC9QUKJS2R","ThreadId":29,"MachineName":"DESKTOP-JBMPMGQ","ApplicationName":"WEBTest"}
{"@t":"2026-01-05T11:45:14.4530680Z","@mt":"HTTP {RequestMethod} {RequestPath} responded {StatusCode} in {Elapsed:0.0000} ms","@r":["479.1649"],"@tr":"c80ba3cab9f97afa2700816781494beb","@sp":"9fbd44a9636058f4","RequestMethod":"POST","RequestPath":"/Admin/Product/Add","StatusCode":302,"Elapsed":479.1649,"SourceContext":"Serilog.AspNetCore.RequestLoggingMiddleware","RequestId":"0HNIC9QUKJS2R:00000013","ConnectionId":"0HNIC9QUKJS2R","ThreadId":28,"MachineName":"DESKTOP-JBMPMGQ","ApplicationName":"WEBTest"}
{"@t":"2026-01-05T11:45:14.5138177Z","@mt":"HTTP {RequestMethod} {RequestPath} responded {StatusCode} in {Elapsed:0.0000} ms","@r":["38.6523"],"@tr":"6da8cf37731d0037231b5506d50714c1","@sp":"605e8fcd2c8c9f12","RequestMethod":"GET","RequestPath":"/Admin/Product","StatusCode":200,"Elapsed":38.6523,"SourceContext":"Serilog.AspNetCore.RequestLoggingMiddleware","RequestId":"0HNIC9QUKJS2R:00000015","ConnectionId":"0HNIC9QUKJS2R","ThreadId":25,"MachineName":"DESKTOP-JBMPMGQ","ApplicationName":"WEBTest"}
{"@t":"2026-01-05T11:45:16.7270314Z","@mt":"HTTP {RequestMethod} {RequestPath} responded {StatusCode} in {Elapsed:0.0000} ms","@r":["15.6320"],"@tr":"cbd788903b9bc44858ba92fd52340e54","@sp":"62cd318b29dff987","RequestMethod":"GET","RequestPath":"/","StatusCode":200,"Elapsed":15.632,"SourceContext":"Serilog.AspNetCore.RequestLoggingMiddleware","RequestId":"0HNIC9QUKJS2R:0000001B","ConnectionId":"0HNIC9QUKJS2R","ThreadId":27,"MachineName":"DESKTOP-JBMPMGQ","ApplicationName":"WEBTest"}
{"@t":"2026-01-05T11:45:16.8077617Z","@mt":"HTTP {RequestMethod} {RequestPath} responded {StatusCode} in {Elapsed:0.0000} ms","@r":["6.0607"],"@tr":"c840d0d69306f0bc378016237ac58e95","@sp":"7980e5c08413786c","RequestMethod":"GET","RequestPath":"/img/anyProduct.png","StatusCode":404,"Elapsed":6.0607,"SourceContext":"Serilog.AspNetCore.RequestLoggingMiddleware","RequestId":"0HNIC9QUKJS2R:0000001D","ConnectionId":"0HNIC9QUKJS2R","ThreadId":36,"MachineName":"DESKTOP-JBMPMGQ","ApplicationName":"WEBTest"}
{"@t":"2026-01-05T11:45:18.1827633Z","@mt":"HTTP {RequestMethod} {RequestPath} responded {StatusCode} in {Elapsed:0.0000} ms","@r":["108.8006"],"@tr":"dd917d0e17c93031119b2582dd4340dc","@sp":"93f875a9447ed074","RequestMethod":"GET","RequestPath":"/Cart/Add","StatusCode":302,"Elapsed":108.8006,"SourceContext":"Serilog.AspNetCore.RequestLoggingMiddleware","RequestId":"0HNIC9QUKJS2R:00000023","ConnectionId":"0HNIC9QUKJS2R","ThreadId":37,"MachineName":"DESKTOP-JBMPMGQ","ApplicationName":"WEBTest"}
{"@t":"2026-01-05T11:45:18.2637353Z","@mt":"HTTP {RequestMethod} {RequestPath} responded {StatusCode} in {Elapsed:0.0000} ms","@r":["67.7682"],"@tr":"8dbe1f6bab8834a0994bf3bfdf66efce","@sp":"6d3830da70703154","RequestMethod":"GET","RequestPath":"/Cart","StatusCode":200,"Elapsed":67.7682,"SourceContext":"Serilog.AspNetCore.RequestLoggingMiddleware","RequestId":"0HNIC9QUKJS2R:00000025","ConnectionId":"0HNIC9QUKJS2R","ThreadId":27,"MachineName":"DESKTOP-JBMPMGQ","ApplicationName":"WEBTest"}
