{"@t":"2026-01-06T09:08:08.1675717Z","@mt":"No store type was specified for the decimal property '{property}' on entity type '{entityType}'. This will cause values to be silently truncated if they do not fit in the default precision and scale. Explicitly specify the SQL server column type that can accommodate all the values in 'OnModelCreating' using 'HasColumnType', specify precision and scale using 'HasPrecision', or configure a value converter using 'HasConversion'.","@l":"Warning","@tr":"7048a1a0bc1bfa80adae9b21b73bc96c","@sp":"2ed055605b9c083d","property":"Cost","entityType":"Product","EventId":{"Id":30000,"Name":"Microsoft.EntityFrameworkCore.Model.Validation.DecimalTypeDefaultWarning"},"SourceContext":"Microsoft.EntityFrameworkCore.Model.Validation","ActionId":"5e61f936-e734-4fad-b4bc-7a3c09f1b1e2","ActionName":"WEBtest.Controllers.HomeController.Index (WEBtest)","RequestId":"0HNID0CCP3GS1:00000001","RequestPath":"/","ConnectionId":"0HNID0CCP3GS1","ThreadId":10,"MachineName":"DESKTOP-JBMPMGQ","ApplicationName":"WEBTest"}
{"@t":"2026-01-06T09:08:09.6011724Z","@mt":"Failed executing DbCommand ({elapsed}ms) [Parameters=[{parameters}], CommandType='{commandType}', CommandTimeout='{commandTimeout}']{newLine}{commandText}","@l":"Error","@tr":"7048a1a0bc1bfa80adae9b21b73bc96c","@sp":"2ed055605b9c083d","elapsed":"13","parameters":"","commandType":"Text","commandTimeout":30,"newLine":"\r\n","commandText":"SELECT [p].[Id], [p].[ComparisonId], [p].[Cost], [p].[Description], [p].[FavouriteId], [p].[Name], [p].[PhotoPath]\r\nFROM [Products] AS [p]","EventId":{"Id":20102,"Name":"Microsoft.EntityFrameworkCore.Database.Command.CommandError"},"SourceContext":"Microsoft.EntityFrameworkCore.Database.Command","ActionId":"5e61f936-e734-4fad-b4bc-7a3c09f1b1e2","ActionName":"WEBtest.Controllers.HomeController.Index (WEBtest)","RequestId":"0HNID0CCP3GS1:00000001","RequestPath":"/","ConnectionId":"0HNID0CCP3GS1","ThreadId":10,"MachineName":"DESKTOP-JBMPMGQ","ApplicationName":"WEBTest"}
{"@t":"2026-01-06T09:08:09.6272608Z","@mt":"An exception occurred while iterating over the results of a query for context type '{contextType}'.{newline}{error}","@l":"Error","@x":"Microsoft.Data.SqlClient.SqlException (0x80131904): Invalid column name 'ComparisonId'.\r\nInvalid column name 'FavouriteId'.\r\n   at Microsoft.Data.SqlClient.SqlConnection.OnError(SqlException exception, Boolean breakConnection, Action`1 wrapCloseInAction)\r\n   at Microsoft.Data.SqlClient.SqlInternalConnection.OnError(SqlException exception, Boolean breakConnection, Action`1 wrapCloseInAction)\r\n   at Microsoft.Data.SqlClient.TdsParser.ThrowExceptionAndWarning(TdsParserStateObject stateObj, Boolean callerHasConnectionLock, Boolean asyncClose)\r\n   at Microsoft.Data.SqlClient.TdsParser.TryRun(RunBehavior runBehavior, SqlCommand cmdHandler, SqlDataReader dataStream, BulkCopySimpleResultSet bulkCopyHandler, TdsParserStateObject stateObj, Boolean& dataReady)\r\n   at Microsoft.Data.SqlClient.SqlDataReader.TryConsumeMetaData()\r\n   at Microsoft.Data.SqlClient.SqlDataReader.get_MetaData()\r\n   at Microsoft.Data.SqlClient.SqlCommand.FinishExecuteReader(SqlDataReader ds, RunBehavior runBehavior, String resetOptionsString, Boolean isInternal, Boolean forDescribeParameterEncryption, Boolean shouldCacheForAlwaysEncrypted)\r\n   at Microsoft.Data.SqlClient.SqlCommand.RunExecuteReaderTds(CommandBehavior cmdBehavior, RunBehavior runBehavior, Boolean returnStream, Boolean isAsync, Int32 timeout, Task& task, Boolean asyncWrite, Boolean inRetry, SqlDataReader ds, Boolean describeParameterEncryptionRequest)\r\n   at Microsoft.Data.SqlClient.SqlCommand.RunExecuteReader(CommandBehavior cmdBehavior, RunBehavior runBehavior, Boolean returnStream, TaskCompletionSource`1 completion, Int32 timeout, Task& task, Boolean& usedCache, Boolean asyncWrite, Boolean inRetry, String method)\r\n   at Microsoft.Data.SqlClient.SqlCommand.RunExecuteReader(CommandBehavior cmdBehavior, RunBehavior runBehavior, Boolean returnStream, String method)\r\n   at Microsoft.Data.SqlClient.SqlCommand.ExecuteReader(CommandBehavior behavior)\r\n   at Microsoft.Data.SqlClient.SqlCommand.ExecuteDbDataReader(CommandBehavior behavior)\r\n   at Microsoft.EntityFrameworkCore.Storage.RelationalCommand.ExecuteReader(RelationalCommandParameterObject parameterObject)\r\n   at Microsoft.EntityFrameworkCore.Query.Internal.SingleQueryingEnumerable`1.Enumerator.InitializeReader(Enumerator enumerator)\r\n   at Microsoft.EntityFrameworkCore.Query.Internal.SingleQueryingEnumerable`1.Enumerator.<>c.<MoveNext>b__21_0(DbContext _, Enumerator enumerator)\r\n   at Microsoft.EntityFrameworkCore.SqlServer.Storage.Internal.SqlServerExecutionStrategy.Execute[TState,TResult](TState state, Func`3 operation, Func`3 verifySucceeded)\r\n   at Microsoft.EntityFrameworkCore.Query.Internal.SingleQueryingEnumerable`1.Enumerator.MoveNext()\r\nClientConnectionId:e3f3b323-daa8-48aa-a41e-fb8a827c1d1e\r\nError Number:207,State:1,Class:16","@tr":"7048a1a0bc1bfa80adae9b21b73bc96c","@sp":"2ed055605b9c083d","contextType":"WEBTest.Db.DatabaseContext","newline":"\r\n","error":"Microsoft.Data.SqlClient.SqlException (0x80131904): Invalid column name 'ComparisonId'.\r\nInvalid column name 'FavouriteId'.\r\n   at Microsoft.Data.SqlClient.SqlConnection.OnError(SqlException exception, Boolean breakConnection, Action`1 wrapCloseInAction)\r\n   at Microsoft.Data.SqlClient.SqlInternalConnection.OnError(SqlException exception, Boolean breakConnection, Action`1 wrapCloseInAction)\r\n   at Microsoft.Data.SqlClient.TdsParser.ThrowExceptionAndWarning(TdsParserStateObject stateObj, Boolean callerHasConnectionLock, Boolean asyncClose)\r\n   at Microsoft.Data.SqlClient.TdsParser.TryRun(RunBehavior runBehavior, SqlCommand cmdHandler, SqlDataReader dataStream, BulkCopySimpleResultSet bulkCopyHandler, TdsParserStateObject stateObj, Boolean& dataReady)\r\n   at Microsoft.Data.SqlClient.SqlDataReader.TryConsumeMetaData()\r\n   at Microsoft.Data.SqlClient.SqlDataReader.get_MetaData()\r\n   at Microsoft.Data.SqlClient.SqlCommand.FinishExecuteReader(SqlDataReader ds, RunBehavior runBehavior, String resetOptionsString, Boolean isInternal, Boolean forDescribeParameterEncryption, Boolean shouldCacheForAlwaysEncrypted)\r\n   at Microsoft.Data.SqlClient.SqlCommand.RunExecuteReaderTds(CommandBehavior cmdBehavior, RunBehavior runBehavior, Boolean returnStream, Boolean isAsync, Int32 timeout, Task& task, Boolean asyncWrite, Boolean inRetry, SqlDataReader ds, Boolean describeParameterEncryptionRequest)\r\n   at Microsoft.Data.SqlClient.SqlCommand.RunExecuteReader(CommandBehavior cmdBehavior, RunBehavior runBehavior, Boolean returnStream, TaskCompletionSource`1 completion, Int32 timeout, Task& task, Boolean& usedCache, Boolean asyncWrite, Boolean inRetry, String method)\r\n   at Microsoft.Data.SqlClient.SqlCommand.RunExecuteReader(CommandBehavior cmdBehavior, RunBehavior runBehavior, Boolean returnStream, String method)\r\n   at Microsoft.Data.SqlClient.SqlCommand.ExecuteReader(CommandBehavior behavior)\r\n   at Microsoft.Data.SqlClient.SqlCommand.ExecuteDbDataReader(CommandBehavior behavior)\r\n   at Microsoft.EntityFrameworkCore.Storage.RelationalCommand.ExecuteReader(RelationalCommandParameterObject parameterObject)\r\n   at Microsoft.EntityFrameworkCore.Query.Internal.SingleQueryingEnumerable`1.Enumerator.InitializeReader(Enumerator enumerator)\r\n   at Microsoft.EntityFrameworkCore.Query.Internal.SingleQueryingEnumerable`1.Enumerator.<>c.<MoveNext>b__21_0(DbContext _, Enumerator enumerator)\r\n   at Microsoft.EntityFrameworkCore.SqlServer.Storage.Internal.SqlServerExecutionStrategy.Execute[TState,TResult](TState state, Func`3 operation, Func`3 verifySucceeded)\r\n   at Microsoft.EntityFrameworkCore.Query.Internal.SingleQueryingEnumerable`1.Enumerator.MoveNext()\r\nClientConnectionId:e3f3b323-daa8-48aa-a41e-fb8a827c1d1e\r\nError Number:207,State:1,Class:16","EventId":{"Id":10100,"Name":"Microsoft.EntityFrameworkCore.Query.QueryIterationFailed"},"SourceContext":"Microsoft.EntityFrameworkCore.Query","ActionId":"5e61f936-e734-4fad-b4bc-7a3c09f1b1e2","ActionName":"WEBtest.Controllers.HomeController.Index (WEBtest)","RequestId":"0HNID0CCP3GS1:00000001","RequestPath":"/","ConnectionId":"0HNID0CCP3GS1","ThreadId":10,"MachineName":"DESKTOP-JBMPMGQ","ApplicationName":"WEBTest"}
{"@t":"2026-01-06T09:08:37.3193037Z","@mt":"No store type was specified for the decimal property '{property}' on entity type '{entityType}'. This will cause values to be silently truncated if they do not fit in the default precision and scale. Explicitly specify the SQL server column type that can accommodate all the values in 'OnModelCreating' using 'HasColumnType', specify precision and scale using 'HasPrecision', or configure a value converter using 'HasConversion'.","@l":"Warning","@tr":"b5d378d3f84205f173a6a4591041f6be","@sp":"efdf552fa622fe5c","property":"Cost","entityType":"Product","EventId":{"Id":30000,"Name":"Microsoft.EntityFrameworkCore.Model.Validation.DecimalTypeDefaultWarning"},"SourceContext":"Microsoft.EntityFrameworkCore.Model.Validation","ActionId":"dae8d866-5042-4bf2-b530-f29a05d72b1c","ActionName":"WEBtest.Controllers.HomeController.Index (WEBtest)","RequestId":"0HNID0CLL4IGS:00000001","RequestPath":"/","ConnectionId":"0HNID0CLL4IGS","ThreadId":12,"MachineName":"DESKTOP-JBMPMGQ","ApplicationName":"WEBTest"}
{"@t":"2026-01-06T09:08:38.0207535Z","@mt":"No store type was specified for the decimal property '{property}' on entity type '{entityType}'. This will cause values to be silently truncated if they do not fit in the default precision and scale. Explicitly specify the SQL server column type that can accommodate all the values in 'OnModelCreating' using 'HasColumnType', specify precision and scale using 'HasPrecision', or configure a value converter using 'HasConversion'.","@l":"Warning","@tr":"b5d378d3f84205f173a6a4591041f6be","@sp":"efdf552fa622fe5c","property":"Cost","entityType":"Product","EventId":{"Id":30000,"Name":"Microsoft.EntityFrameworkCore.Model.Validation.DecimalTypeDefaultWarning"},"SourceContext":"Microsoft.EntityFrameworkCore.Model.Validation","ActionId":"dae8d866-5042-4bf2-b530-f29a05d72b1c","ActionName":"WEBtest.Controllers.HomeController.Index (WEBtest)","RequestId":"0HNID0CLL4IGS:00000001","RequestPath":"/","ConnectionId":"0HNID0CLL4IGS","ThreadId":12,"MachineName":"DESKTOP-JBMPMGQ","ApplicationName":"WEBTest"}
{"@t":"2026-01-06T09:08:39.4775935Z","@mt":"HTTP {RequestMethod} {RequestPath} responded {StatusCode} in {Elapsed:0.0000} ms","@r":["3155.4391"],"@tr":"b5d378d3f84205f173a6a4591041f6be","@sp":"efdf552fa622fe5c","RequestMethod":"GET","RequestPath":"/","StatusCode":200,"Elapsed":3155.4391,"SourceContext":"Serilog.AspNetCore.RequestLoggingMiddleware","RequestId":"0HNID0CLL4IGS:00000001","ConnectionId":"0HNID0CLL4IGS","ThreadId":7,"MachineName":"DESKTOP-JBMPMGQ","ApplicationName":"WEBTest"}
{"@t":"2026-01-06T09:08:39.5806760Z","@mt":"HTTP {RequestMethod} {RequestPath} responded {StatusCode} in {Elapsed:0.0000} ms","@r":["18.1922"],"@tr":"02a4db263cb73142734a81f53522b5b0","@sp":"ec6c1bf1139187f7","RequestMethod":"GET","RequestPath":"/lib/jquery/dist/jquery.min.js","StatusCode":304,"Elapsed":18.1922,"SourceContext":"Serilog.AspNetCore.RequestLoggingMiddleware","RequestId":"0HNID0CLL4IGS:00000009","ConnectionId":"0HNID0CLL4IGS","ThreadId":5,"MachineName":"DESKTOP-JBMPMGQ","ApplicationName":"WEBTest"}
{"@t":"2026-01-06T09:08:39.5837690Z","@mt":"HTTP {RequestMethod} {RequestPath} responded {StatusCode} in {Elapsed:0.0000} ms","@r":["7.3236"],"@tr":"14796d42e1ccb549816d54ecf76e96bf","@sp":"98c447e70e44b9e9","RequestMethod":"GET","RequestPath":"/WEBtest.styles.css","StatusCode":304,"Elapsed":7.3236,"SourceContext":"Serilog.AspNetCore.RequestLoggingMiddleware","RequestId":"0HNID0CLL4IGS:00000005","ConnectionId":"0HNID0CLL4IGS","ThreadId":7,"MachineName":"DESKTOP-JBMPMGQ","ApplicationName":"WEBTest"}
{"@t":"2026-01-06T09:08:39.5833763Z","@mt":"HTTP {RequestMethod} {RequestPath} responded {StatusCode} in {Elapsed:0.0000} ms","@r":["7.1315"],"@tr":"773e8b9f9f32e8778b1ef0dd0eb0d267","@sp":"fa5c17c1a4068d26","RequestMethod":"GET","RequestPath":"/css/site.css","StatusCode":304,"Elapsed":7.1315,"SourceContext":"Serilog.AspNetCore.RequestLoggingMiddleware","RequestId":"0HNID0CLL4IGS:00000007","ConnectionId":"0HNID0CLL4IGS","ThreadId":9,"MachineName":"DESKTOP-JBMPMGQ","ApplicationName":"WEBTest"}
{"@t":"2026-01-06T09:08:39.5831916Z","@mt":"HTTP {RequestMethod} {RequestPath} responded {StatusCode} in {Elapsed:0.0000} ms","@r":["21.0381"],"@tr":"70df73d88c44efd7f9166a6a8ec13141","@sp":"66c846b752fe7827","RequestMethod":"GET","RequestPath":"/lib/bootstrap/dist/js/bootstrap.bundle.min.js","StatusCode":304,"Elapsed":21.0381,"SourceContext":"Serilog.AspNetCore.RequestLoggingMiddleware","RequestId":"0HNID0CLL4IGS:0000000B","ConnectionId":"0HNID0CLL4IGS","ThreadId":10,"MachineName":"DESKTOP-JBMPMGQ","ApplicationName":"WEBTest"}
{"@t":"2026-01-06T09:08:39.5834816Z","@mt":"HTTP {RequestMethod} {RequestPath} responded {StatusCode} in {Elapsed:0.0000} ms","@r":["21.7307"],"@tr":"178ff77943b3858af3754586b0ebaac1","@sp":"0257c4d167ed45e1","RequestMethod":"GET","RequestPath":"/lib/bootstrap/dist/css/bootstrap.min.css","StatusCode":304,"Elapsed":21.7307,"SourceContext":"Serilog.AspNetCore.RequestLoggingMiddleware","RequestId":"0HNID0CLL4IGS:00000003","ConnectionId":"0HNID0CLL4IGS","ThreadId":12,"MachineName":"DESKTOP-JBMPMGQ","ApplicationName":"WEBTest"}
{"@t":"2026-01-06T09:08:39.5806760Z","@mt":"HTTP {RequestMethod} {RequestPath} responded {StatusCode} in {Elapsed:0.0000} ms","@r":["8.9022"],"@tr":"ea3af3ec59e77434a10af8c7952f5b77","@sp":"40918e6c0cbaa26f","RequestMethod":"GET","RequestPath":"/lib/jquery-validation/dist/jquery.validate.min.js","StatusCode":304,"Elapsed":8.9022,"SourceContext":"Serilog.AspNetCore.RequestLoggingMiddleware","RequestId":"0HNID0CLL4IGS:0000000F","ConnectionId":"0HNID0CLL4IGS","ThreadId":16,"MachineName":"DESKTOP-JBMPMGQ","ApplicationName":"WEBTest"}
{"@t":"2026-01-06T09:08:39.5873858Z","@mt":"HTTP {RequestMethod} {RequestPath} responded {StatusCode} in {Elapsed:0.0000} ms","@r":["0.2500"],"@tr":"711f8c1823d3e330184cf4606e7109e7","@sp":"6f6dda216418d30d","RequestMethod":"GET","RequestPath":"/js/site.js","StatusCode":304,"Elapsed":0.25,"SourceContext":"Serilog.AspNetCore.RequestLoggingMiddleware","RequestId":"0HNID0CLL4IGS:00000011","ConnectionId":"0HNID0CLL4IGS","ThreadId":13,"MachineName":"DESKTOP-JBMPMGQ","ApplicationName":"WEBTest"}
{"@t":"2026-01-06T09:08:39.5894058Z","@mt":"HTTP {RequestMethod} {RequestPath} responded {StatusCode} in {Elapsed:0.0000} ms","@r":["0.3171"],"@tr":"7af204fb25800ea4132374d7d457ce15","@sp":"0f0bfb20a8cfc34c","RequestMethod":"GET","RequestPath":"/lib/jquery-validation-unobtrusive/jquery.validate.unobtrusive.min.js","StatusCode":304,"Elapsed":0.3171,"SourceContext":"Serilog.AspNetCore.RequestLoggingMiddleware","RequestId":"0HNID0CLL4IGS:00000013","ConnectionId":"0HNID0CLL4IGS","ThreadId":5,"MachineName":"DESKTOP-JBMPMGQ","ApplicationName":"WEBTest"}
{"@t":"2026-01-06T09:08:40.1474143Z","@mt":"HTTP {RequestMethod} {RequestPath} responded {StatusCode} in {Elapsed:0.0000} ms","@r":["0.3153"],"@tr":"7e57ea3ebd232a2930e377a8ee136fdd","@sp":"9327bfde0a4846ab","RequestMethod":"GET","RequestPath":"/favicon.ico","StatusCode":304,"Elapsed":0.3153,"SourceContext":"Serilog.AspNetCore.RequestLoggingMiddleware","RequestId":"0HNID0CLL4IGT:00000001","ConnectionId":"0HNID0CLL4IGT","ThreadId":16,"MachineName":"DESKTOP-JBMPMGQ","ApplicationName":"WEBTest"}
{"@t":"2026-01-06T09:09:01.0925008Z","@mt":"HTTP {RequestMethod} {RequestPath} responded {StatusCode} in {Elapsed:0.0000} ms","@r":["66.4778"],"@tr":"67a1bc8db63774042d48c5a1acba2e8c","@sp":"29a234183bdbd460","RequestMethod":"GET","RequestPath":"/Admin/Order","StatusCode":200,"Elapsed":66.4778,"SourceContext":"Serilog.AspNetCore.RequestLoggingMiddleware","RequestId":"0HNID0CLL4IGS:00000017","ConnectionId":"0HNID0CLL4IGS","ThreadId":16,"MachineName":"DESKTOP-JBMPMGQ","ApplicationName":"WEBTest"}
{"@t":"2026-01-06T09:09:02.2775337Z","@mt":"HTTP {RequestMethod} {RequestPath} responded {StatusCode} in {Elapsed:0.0000} ms","@r":["65.1242"],"@tr":"74720589db8772ba520cf20458494b9b","@sp":"1bcdd8299e0a8c6c","RequestMethod":"GET","RequestPath":"/Admin/Product","StatusCode":200,"Elapsed":65.1242,"SourceContext":"Serilog.AspNetCore.RequestLoggingMiddleware","RequestId":"0HNID0CLL4IGS:0000001D","ConnectionId":"0HNID0CLL4IGS","ThreadId":9,"MachineName":"DESKTOP-JBMPMGQ","ApplicationName":"WEBTest"}
{"@t":"2026-01-06T09:09:03.2629667Z","@mt":"HTTP {RequestMethod} {RequestPath} responded {StatusCode} in {Elapsed:0.0000} ms","@r":["74.3333"],"@tr":"eba8cd9887ac6b9b026a1d1bc454937b","@sp":"8d95897a1b1f1960","RequestMethod":"GET","RequestPath":"/Admin/Product/Add","StatusCode":200,"Elapsed":74.3333,"SourceContext":"Serilog.AspNetCore.RequestLoggingMiddleware","RequestId":"0HNID0CLL4IGS:00000023","ConnectionId":"0HNID0CLL4IGS","ThreadId":16,"MachineName":"DESKTOP-JBMPMGQ","ApplicationName":"WEBTest"}
{"@t":"2026-01-06T09:09:13.3656476Z","@mt":"HTTP {RequestMethod} {RequestPath} responded {StatusCode} in {Elapsed:0.0000} ms","@r":["238.1322"],"@tr":"d5df2b63b2051a1bd47475021690fb0e","@sp":"8828dbe7f5918b42","RequestMethod":"POST","RequestPath":"/Admin/Product/Add","StatusCode":302,"Elapsed":238.1322,"SourceContext":"Serilog.AspNetCore.RequestLoggingMiddleware","RequestId":"0HNID0CLL4IGS:00000029","ConnectionId":"0HNID0CLL4IGS","ThreadId":13,"MachineName":"DESKTOP-JBMPMGQ","ApplicationName":"WEBTest"}
{"@t":"2026-01-06T09:09:13.3999491Z","@mt":"HTTP {RequestMethod} {RequestPath} responded {StatusCode} in {Elapsed:0.0000} ms","@r":["23.9687"],"@tr":"d811e3ad275c4f79d7b3f1c7e6606d3c","@sp":"71b05d460b899113","RequestMethod":"GET","RequestPath":"/Admin/Product","StatusCode":200,"Elapsed":23.9687,"SourceContext":"Serilog.AspNetCore.RequestLoggingMiddleware","RequestId":"0HNID0CLL4IGS:0000002B","ConnectionId":"0HNID0CLL4IGS","ThreadId":13,"MachineName":"DESKTOP-JBMPMGQ","ApplicationName":"WEBTest"}
{"@t":"2026-01-06T09:09:17.8842979Z","@mt":"HTTP {RequestMethod} {RequestPath} responded {StatusCode} in {Elapsed:0.0000} ms","@r":["9.7680"],"@tr":"178f009fa3155604bec978bdd4baf40a","@sp":"25d0888cfc8dc411","RequestMethod":"GET","RequestPath":"/Admin/Product/Add","StatusCode":200,"Elapsed":9.768,"SourceContext":"Serilog.AspNetCore.RequestLoggingMiddleware","RequestId":"0HNID0CLL4IGS:00000031","ConnectionId":"0HNID0CLL4IGS","ThreadId":13,"MachineName":"DESKTOP-JBMPMGQ","ApplicationName":"WEBTest"}
{"@t":"2026-01-06T09:09:32.6202324Z","@mt":"HTTP {RequestMethod} {RequestPath} responded {StatusCode} in {Elapsed:0.0000} ms","@r":["10.2104"],"@tr":"c7ea7a4f0aea7699d1f47c299f725ac7","@sp":"ae1a492c36f306eb","RequestMethod":"POST","RequestPath":"/Admin/Product/Add","StatusCode":302,"Elapsed":10.2104,"SourceContext":"Serilog.AspNetCore.RequestLoggingMiddleware","RequestId":"0HNID0CLL4IGS:00000037","ConnectionId":"0HNID0CLL4IGS","ThreadId":9,"MachineName":"DESKTOP-JBMPMGQ","ApplicationName":"WEBTest"}
{"@t":"2026-01-06T09:09:32.6385529Z","@mt":"HTTP {RequestMethod} {RequestPath} responded {StatusCode} in {Elapsed:0.0000} ms","@r":["8.9470"],"@tr":"e78ee87c3af772b3573fe473b98375d4","@sp":"591d960e7f58f659","RequestMethod":"GET","RequestPath":"/Admin/Product","StatusCode":200,"Elapsed":8.947,"SourceContext":"Serilog.AspNetCore.RequestLoggingMiddleware","RequestId":"0HNID0CLL4IGS:00000039","ConnectionId":"0HNID0CLL4IGS","ThreadId":10,"MachineName":"DESKTOP-JBMPMGQ","ApplicationName":"WEBTest"}
{"@t":"2026-01-06T09:09:34.5042257Z","@mt":"HTTP {RequestMethod} {RequestPath} responded {StatusCode} in {Elapsed:0.0000} ms","@r":["9.9046"],"@tr":"b120498fcfeefe56ec6a03b6d135136f","@sp":"28e5175e6d0c9672","RequestMethod":"GET","RequestPath":"/","StatusCode":200,"Elapsed":9.9046,"SourceContext":"Serilog.AspNetCore.RequestLoggingMiddleware","RequestId":"0HNID0CLL4IGS:0000003F","ConnectionId":"0HNID0CLL4IGS","ThreadId":16,"MachineName":"DESKTOP-JBMPMGQ","ApplicationName":"WEBTest"}
{"@t":"2026-01-06T09:09:34.5536085Z","@mt":"HTTP {RequestMethod} {RequestPath} responded {StatusCode} in {Elapsed:0.0000} ms","@r":["12.7617"],"@tr":"47d11f6cb79cd72dd6ad3cdc3e6dd9dd","@sp":"3ef7a4da6cf03dff","RequestMethod":"GET","RequestPath":"/img/anyProduct.png","StatusCode":404,"Elapsed":12.7617,"SourceContext":"Serilog.AspNetCore.RequestLoggingMiddleware","RequestId":"0HNID0CLL4IGS:00000041","ConnectionId":"0HNID0CLL4IGS","ThreadId":19,"MachineName":"DESKTOP-JBMPMGQ","ApplicationName":"WEBTest"}
{"@t":"2026-01-06T09:09:41.3024073Z","@mt":"HTTP {RequestMethod} {RequestPath} responded {StatusCode} in {Elapsed:0.0000} ms","@r":["80.2565"],"@tr":"9c8fbc8cb126db4ad74c52b640a8d137","@sp":"7b12ce2b9a8c16d1","RequestMethod":"GET","RequestPath":"/Favourite/Add","StatusCode":302,"Elapsed":80.2565,"SourceContext":"Serilog.AspNetCore.RequestLoggingMiddleware","RequestId":"0HNID0CLL4IGS:00000047","ConnectionId":"0HNID0CLL4IGS","ThreadId":16,"MachineName":"DESKTOP-JBMPMGQ","ApplicationName":"WEBTest"}
{"@t":"2026-01-06T09:09:41.3406738Z","@mt":"HTTP {RequestMethod} {RequestPath} responded {StatusCode} in {Elapsed:0.0000} ms","@r":["29.8415"],"@tr":"2716e8a769fba48be6c7b32c8f9c79e2","@sp":"e17ff8cb7dc29751","RequestMethod":"GET","RequestPath":"/Favourite","StatusCode":200,"Elapsed":29.8415,"SourceContext":"Serilog.AspNetCore.RequestLoggingMiddleware","RequestId":"0HNID0CLL4IGS:00000049","ConnectionId":"0HNID0CLL4IGS","ThreadId":16,"MachineName":"DESKTOP-JBMPMGQ","ApplicationName":"WEBTest"}
{"@t":"2026-01-06T09:09:41.3848111Z","@mt":"HTTP {RequestMethod} {RequestPath} responded {StatusCode} in {Elapsed:0.0000} ms","@r":["0.6442"],"@tr":"ce12d71c6fc869a17846a7f70e338b21","@sp":"39bbd34ffc0b08af","RequestMethod":"GET","RequestPath":"/img/anyProduct.png","StatusCode":404,"Elapsed":0.6442,"SourceContext":"Serilog.AspNetCore.RequestLoggingMiddleware","RequestId":"0HNID0CLL4IGS:0000004B","ConnectionId":"0HNID0CLL4IGS","ThreadId":10,"MachineName":"DESKTOP-JBMPMGQ","ApplicationName":"WEBTest"}
{"@t":"2026-01-06T09:09:43.8316914Z","@mt":"HTTP {RequestMethod} {RequestPath} responded {StatusCode} in {Elapsed:0.0000} ms","@r":["8.3919"],"@tr":"0af594e3fd0f2e1c8b2f2378f09bccca","@sp":"3ef1361d2dac0a18","RequestMethod":"GET","RequestPath":"/","StatusCode":200,"Elapsed":8.3919,"SourceContext":"Serilog.AspNetCore.RequestLoggingMiddleware","RequestId":"0HNID0CLL4IGS:00000051","ConnectionId":"0HNID0CLL4IGS","ThreadId":16,"MachineName":"DESKTOP-JBMPMGQ","ApplicationName":"WEBTest"}
{"@t":"2026-01-06T09:09:43.8655239Z","@mt":"HTTP {RequestMethod} {RequestPath} responded {StatusCode} in {Elapsed:0.0000} ms","@r":["0.2152"],"@tr":"449e83cca73fd9254e356852beb22542","@sp":"a868337879a3c23a","RequestMethod":"GET","RequestPath":"/img/anyProduct.png","StatusCode":404,"Elapsed":0.2152,"SourceContext":"Serilog.AspNetCore.RequestLoggingMiddleware","RequestId":"0HNID0CLL4IGS:00000053","ConnectionId":"0HNID0CLL4IGS","ThreadId":16,"MachineName":"DESKTOP-JBMPMGQ","ApplicationName":"WEBTest"}
{"@t":"2026-01-06T09:09:44.3826029Z","@mt":"HTTP {RequestMethod} {RequestPath} responded {StatusCode} in {Elapsed:0.0000} ms","@r":["14.3603"],"@tr":"6e50dfd9ba2755edbd341fc33ad00cde","@sp":"f41afe59e8f5746c","RequestMethod":"GET","RequestPath":"/Favourite/Add","StatusCode":302,"Elapsed":14.3603,"SourceContext":"Serilog.AspNetCore.RequestLoggingMiddleware","RequestId":"0HNID0CLL4IGS:00000059","ConnectionId":"0HNID0CLL4IGS","ThreadId":16,"MachineName":"DESKTOP-JBMPMGQ","ApplicationName":"WEBTest"}
{"@t":"2026-01-06T09:09:44.4017874Z","@mt":"HTTP {RequestMethod} {RequestPath} responded {StatusCode} in {Elapsed:0.0000} ms","@r":["8.7963"],"@tr":"b66c0dd5f538e83166a35e2034e8befd","@sp":"5cae719b49c0fedc","RequestMethod":"GET","RequestPath":"/Favourite","StatusCode":200,"Elapsed":8.7963,"SourceContext":"Serilog.AspNetCore.RequestLoggingMiddleware","RequestId":"0HNID0CLL4IGS:0000005B","ConnectionId":"0HNID0CLL4IGS","ThreadId":13,"MachineName":"DESKTOP-JBMPMGQ","ApplicationName":"WEBTest"}
{"@t":"2026-01-06T09:09:44.4390991Z","@mt":"HTTP {RequestMethod} {RequestPath} responded {StatusCode} in {Elapsed:0.0000} ms","@r":["0.3009"],"@tr":"999666215a2e3abba1c8a5e64f7dab98","@sp":"353ec7e8a87078d6","RequestMethod":"GET","RequestPath":"/img/anyProduct.png","StatusCode":404,"Elapsed":0.3009,"SourceContext":"Serilog.AspNetCore.RequestLoggingMiddleware","RequestId":"0HNID0CLL4IGS:0000005D","ConnectionId":"0HNID0CLL4IGS","ThreadId":9,"MachineName":"DESKTOP-JBMPMGQ","ApplicationName":"WEBTest"}
{"@t":"2026-01-06T09:10:19.9083600Z","@mt":"HTTP {RequestMethod} {RequestPath} responded {StatusCode} in {Elapsed:0.0000} ms","@r":["18.0102"],"@tr":"3c2ca6ef2d145c52ccf459398f575362","@sp":"15ec3ca1fbe038df","RequestMethod":"GET","RequestPath":"/Favourite/Delete","StatusCode":302,"Elapsed":18.0102,"SourceContext":"Serilog.AspNetCore.RequestLoggingMiddleware","RequestId":"0HNID0CLL4IGS:00000063","ConnectionId":"0HNID0CLL4IGS","ThreadId":10,"MachineName":"DESKTOP-JBMPMGQ","ApplicationName":"WEBTest"}
{"@t":"2026-01-06T09:10:19.9353765Z","@mt":"HTTP {RequestMethod} {RequestPath} responded {StatusCode} in {Elapsed:0.0000} ms","@r":["12.6815"],"@tr":"28c70bdcede886cd7cd1532e6b317017","@sp":"122cb96ef0a671f2","RequestMethod":"GET","RequestPath":"/Favourite","StatusCode":200,"Elapsed":12.6815,"SourceContext":"Serilog.AspNetCore.RequestLoggingMiddleware","RequestId":"0HNID0CLL4IGS:00000065","ConnectionId":"0HNID0CLL4IGS","ThreadId":12,"MachineName":"DESKTOP-JBMPMGQ","ApplicationName":"WEBTest"}
{"@t":"2026-01-06T09:10:19.9717962Z","@mt":"HTTP {RequestMethod} {RequestPath} responded {StatusCode} in {Elapsed:0.0000} ms","@r":["0.2123"],"@tr":"b313b60412b8aa5e5dcf90b8577b409b","@sp":"daa3755cc7c1b434","RequestMethod":"GET","RequestPath":"/img/anyProduct.png","StatusCode":404,"Elapsed":0.2123,"SourceContext":"Serilog.AspNetCore.RequestLoggingMiddleware","RequestId":"0HNID0CLL4IGS:00000067","ConnectionId":"0HNID0CLL4IGS","ThreadId":13,"MachineName":"DESKTOP-JBMPMGQ","ApplicationName":"WEBTest"}
{"@t":"2026-01-06T09:10:20.5506317Z","@mt":"HTTP {RequestMethod} {RequestPath} responded {StatusCode} in {Elapsed:0.0000} ms","@r":["15.7425"],"@tr":"c71f2a5c074d849c99d6aefd70888a26","@sp":"9c107da5f1e2305a","RequestMethod":"GET","RequestPath":"/Favourite/Delete","StatusCode":302,"Elapsed":15.7425,"SourceContext":"Serilog.AspNetCore.RequestLoggingMiddleware","RequestId":"0HNID0CLL4IGS:0000006D","ConnectionId":"0HNID0CLL4IGS","ThreadId":13,"MachineName":"DESKTOP-JBMPMGQ","ApplicationName":"WEBTest"}
{"@t":"2026-01-06T09:10:20.5805018Z","@mt":"HTTP {RequestMethod} {RequestPath} responded {StatusCode} in {Elapsed:0.0000} ms","@r":["9.2772"],"@tr":"ec4862256e3ce8d422112acd7a9d9b85","@sp":"177141964c631ae4","RequestMethod":"GET","RequestPath":"/Favourite","StatusCode":200,"Elapsed":9.2772,"SourceContext":"Serilog.AspNetCore.RequestLoggingMiddleware","RequestId":"0HNID0CLL4IGS:0000006F","ConnectionId":"0HNID0CLL4IGS","ThreadId":10,"MachineName":"DESKTOP-JBMPMGQ","ApplicationName":"WEBTest"}
{"@t":"2026-01-06T09:10:22.1157240Z","@mt":"HTTP {RequestMethod} {RequestPath} responded {StatusCode} in {Elapsed:0.0000} ms","@r":["7.1198"],"@tr":"a87a7a9418068a432aadc5ce4a0e075b","@sp":"a7933dc688211d5d","RequestMethod":"GET","RequestPath":"/","StatusCode":200,"Elapsed":7.1198,"SourceContext":"Serilog.AspNetCore.RequestLoggingMiddleware","RequestId":"0HNID0CLL4IGS:00000075","ConnectionId":"0HNID0CLL4IGS","ThreadId":16,"MachineName":"DESKTOP-JBMPMGQ","ApplicationName":"WEBTest"}
{"@t":"2026-01-06T09:10:22.1506994Z","@mt":"HTTP {RequestMethod} {RequestPath} responded {StatusCode} in {Elapsed:0.0000} ms","@r":["0.3026"],"@tr":"bbd2d1de23564cde4cd95836fdb50f6a","@sp":"f14ee64cf9f303f5","RequestMethod":"GET","RequestPath":"/img/anyProduct.png","StatusCode":404,"Elapsed":0.3026,"SourceContext":"Serilog.AspNetCore.RequestLoggingMiddleware","RequestId":"0HNID0CLL4IGS:00000077","ConnectionId":"0HNID0CLL4IGS","ThreadId":19,"MachineName":"DESKTOP-JBMPMGQ","ApplicationName":"WEBTest"}
{"@t":"2026-01-06T09:10:23.1190314Z","@mt":"HTTP {RequestMethod} {RequestPath} responded {StatusCode} in {Elapsed:0.0000} ms","@r":["4.9068"],"@tr":"b10a8277431c2bf0f8aaee742824d502","@sp":"c2151b5f18759353","RequestMethod":"GET","RequestPath":"/Favourite/Add","StatusCode":302,"Elapsed":4.9068,"SourceContext":"Serilog.AspNetCore.RequestLoggingMiddleware","RequestId":"0HNID0CLL4IGS:0000007D","ConnectionId":"0HNID0CLL4IGS","ThreadId":22,"MachineName":"DESKTOP-JBMPMGQ","ApplicationName":"WEBTest"}
{"@t":"2026-01-06T09:10:23.1372462Z","@mt":"HTTP {RequestMethod} {RequestPath} responded {StatusCode} in {Elapsed:0.0000} ms","@r":["6.0043"],"@tr":"1c6cdd3c021cd8415c7e1b12dda10860","@sp":"1b0fca941f91178e","RequestMethod":"GET","RequestPath":"/Favourite","StatusCode":200,"Elapsed":6.0043,"SourceContext":"Serilog.AspNetCore.RequestLoggingMiddleware","RequestId":"0HNID0CLL4IGS:0000007F","ConnectionId":"0HNID0CLL4IGS","ThreadId":13,"MachineName":"DESKTOP-JBMPMGQ","ApplicationName":"WEBTest"}
{"@t":"2026-01-06T09:10:23.1741952Z","@mt":"HTTP {RequestMethod} {RequestPath} responded {StatusCode} in {Elapsed:0.0000} ms","@r":["0.2164"],"@tr":"5dc3f80add620cc59602f5d1e8a2b13a","@sp":"276585691ffa35c8","RequestMethod":"GET","RequestPath":"/img/anyProduct.png","StatusCode":404,"Elapsed":0.2164,"SourceContext":"Serilog.AspNetCore.RequestLoggingMiddleware","RequestId":"0HNID0CLL4IGS:00000081","ConnectionId":"0HNID0CLL4IGS","ThreadId":13,"MachineName":"DESKTOP-JBMPMGQ","ApplicationName":"WEBTest"}
{"@t":"2026-01-06T09:10:32.5917184Z","@mt":"HTTP {RequestMethod} {RequestPath} responded {StatusCode} in {Elapsed:0.0000} ms","@r":["22.8456"],"@tr":"4dc1da17a567bd95950d63bc145c7533","@sp":"e7687d10970c9098","RequestMethod":"GET","RequestPath":"/Favourite/Clear","StatusCode":302,"Elapsed":22.8456,"SourceContext":"Serilog.AspNetCore.RequestLoggingMiddleware","RequestId":"0HNID0CLL4IGS:00000087","ConnectionId":"0HNID0CLL4IGS","ThreadId":10,"MachineName":"DESKTOP-JBMPMGQ","ApplicationName":"WEBTest"}
{"@t":"2026-01-06T09:10:32.6075843Z","@mt":"HTTP {RequestMethod} {RequestPath} responded {StatusCode} in {Elapsed:0.0000} ms","@r":["5.3482"],"@tr":"c1ccd18f0b3d788d5ab4836fd68ad388","@sp":"9c33031d42b6ecef","RequestMethod":"GET","RequestPath":"/Favourite","StatusCode":200,"Elapsed":5.3482,"SourceContext":"Serilog.AspNetCore.RequestLoggingMiddleware","RequestId":"0HNID0CLL4IGS:00000089","ConnectionId":"0HNID0CLL4IGS","ThreadId":16,"MachineName":"DESKTOP-JBMPMGQ","ApplicationName":"WEBTest"}
{"@t":"2026-01-06T09:10:35.8781203Z","@mt":"HTTP {RequestMethod} {RequestPath} responded {StatusCode} in {Elapsed:0.0000} ms","@r":["7.2028"],"@tr":"895a8c8f91bdadbc4f79b5114da23300","@sp":"8ad5fb07b3a5f3e2","RequestMethod":"GET","RequestPath":"/","StatusCode":200,"Elapsed":7.2028,"SourceContext":"Serilog.AspNetCore.RequestLoggingMiddleware","RequestId":"0HNID0CLL4IGS:0000008F","ConnectionId":"0HNID0CLL4IGS","ThreadId":12,"MachineName":"DESKTOP-JBMPMGQ","ApplicationName":"WEBTest"}
{"@t":"2026-01-06T09:10:35.9221655Z","@mt":"HTTP {RequestMethod} {RequestPath} responded {StatusCode} in {Elapsed:0.0000} ms","@r":["1.3886"],"@tr":"2f5606997b556a195b7a45e7ac0fd15d","@sp":"f5dba3996718d93a","RequestMethod":"GET","RequestPath":"/img/anyProduct.png","StatusCode":404,"Elapsed":1.3886,"SourceContext":"Serilog.AspNetCore.RequestLoggingMiddleware","RequestId":"0HNID0CLL4IGS:00000091","ConnectionId":"0HNID0CLL4IGS","ThreadId":16,"MachineName":"DESKTOP-JBMPMGQ","ApplicationName":"WEBTest"}
{"@t":"2026-01-06T09:10:38.9443404Z","@mt":"HTTP {RequestMethod} {RequestPath} responded {StatusCode} in {Elapsed:0.0000} ms","@r":["6.2062"],"@tr":"13ec4eec1bac66ef829c3c72f91b4e53","@sp":"869a667525828e0a","RequestMethod":"GET","RequestPath":"/Favourite/Add","StatusCode":302,"Elapsed":6.2062,"SourceContext":"Serilog.AspNetCore.RequestLoggingMiddleware","RequestId":"0HNID0CLL4IGS:00000097","ConnectionId":"0HNID0CLL4IGS","ThreadId":22,"MachineName":"DESKTOP-JBMPMGQ","ApplicationName":"WEBTest"}
{"@t":"2026-01-06T09:10:38.9588228Z","@mt":"HTTP {RequestMethod} {RequestPath} responded {StatusCode} in {Elapsed:0.0000} ms","@r":["5.4375"],"@tr":"bf05499359622a9b89d1ef1ee32aae88","@sp":"ae15b11dc73a54a9","RequestMethod":"GET","RequestPath":"/Favourite","StatusCode":200,"Elapsed":5.4375,"SourceContext":"Serilog.AspNetCore.RequestLoggingMiddleware","RequestId":"0HNID0CLL4IGS:00000099","ConnectionId":"0HNID0CLL4IGS","ThreadId":12,"MachineName":"DESKTOP-JBMPMGQ","ApplicationName":"WEBTest"}
{"@t":"2026-01-06T09:10:38.9989848Z","@mt":"HTTP {RequestMethod} {RequestPath} responded {StatusCode} in {Elapsed:0.0000} ms","@r":["0.2048"],"@tr":"cd437ace112776abd70e5b7292a3402b","@sp":"24bf3230ee8f0fa9","RequestMethod":"GET","RequestPath":"/img/anyProduct.png","StatusCode":404,"Elapsed":0.2048,"SourceContext":"Serilog.AspNetCore.RequestLoggingMiddleware","RequestId":"0HNID0CLL4IGS:0000009B","ConnectionId":"0HNID0CLL4IGS","ThreadId":13,"MachineName":"DESKTOP-JBMPMGQ","ApplicationName":"WEBTest"}
{"@t":"2026-01-06T09:10:47.5738708Z","@mt":"HTTP {RequestMethod} {RequestPath} responded {StatusCode} in {Elapsed:0.0000} ms","@r":["6.6632"],"@tr":"7bc3dc362e17ae0e36a5d6f4f4ab85d2","@sp":"eeff6b4f6b21dd34","RequestMethod":"GET","RequestPath":"/","StatusCode":200,"Elapsed":6.6632,"SourceContext":"Serilog.AspNetCore.RequestLoggingMiddleware","RequestId":"0HNID0CLL4IGS:000000A1","ConnectionId":"0HNID0CLL4IGS","ThreadId":22,"MachineName":"DESKTOP-JBMPMGQ","ApplicationName":"WEBTest"}
{"@t":"2026-01-06T09:10:47.6208893Z","@mt":"HTTP {RequestMethod} {RequestPath} responded {StatusCode} in {Elapsed:0.0000} ms","@r":["0.1994"],"@tr":"2d3dd1ffedb478f83713cc04c6bc1355","@sp":"293a55e210db0779","RequestMethod":"GET","RequestPath":"/img/anyProduct.png","StatusCode":404,"Elapsed":0.1994,"SourceContext":"Serilog.AspNetCore.RequestLoggingMiddleware","RequestId":"0HNID0CLL4IGS:000000A3","ConnectionId":"0HNID0CLL4IGS","ThreadId":19,"MachineName":"DESKTOP-JBMPMGQ","ApplicationName":"WEBTest"}
{"@t":"2026-01-06T09:10:50.4759098Z","@mt":"HTTP {RequestMethod} {RequestPath} responded {StatusCode} in {Elapsed:0.0000} ms","@r":["9.7042"],"@tr":"b5e0d9bc82642ff93747b7c460e2d7bc","@sp":"af55accf3e2983a4","RequestMethod":"GET","RequestPath":"/Favourite/Add","StatusCode":302,"Elapsed":9.7042,"SourceContext":"Serilog.AspNetCore.RequestLoggingMiddleware","RequestId":"0HNID0CLL4IGS:000000A9","ConnectionId":"0HNID0CLL4IGS","ThreadId":19,"MachineName":"DESKTOP-JBMPMGQ","ApplicationName":"WEBTest"}
{"@t":"2026-01-06T09:10:50.5005843Z","@mt":"HTTP {RequestMethod} {RequestPath} responded {StatusCode} in {Elapsed:0.0000} ms","@r":["12.3814"],"@tr":"4366741cf9f085fbfa5a34b0a17f008d","@sp":"1abeb86439712a1f","RequestMethod":"GET","RequestPath":"/Favourite","StatusCode":200,"Elapsed":12.3814,"SourceContext":"Serilog.AspNetCore.RequestLoggingMiddleware","RequestId":"0HNID0CLL4IGS:000000AB","ConnectionId":"0HNID0CLL4IGS","ThreadId":16,"MachineName":"DESKTOP-JBMPMGQ","ApplicationName":"WEBTest"}
{"@t":"2026-01-06T09:10:50.5661774Z","@mt":"HTTP {RequestMethod} {RequestPath} responded {StatusCode} in {Elapsed:0.0000} ms","@r":["7.3782"],"@tr":"05642fc5d996031c99a8205be0a94c5d","@sp":"cea3dc60973db1a9","RequestMethod":"GET","RequestPath":"/img/anyProduct.png","StatusCode":404,"Elapsed":7.3782,"SourceContext":"Serilog.AspNetCore.RequestLoggingMiddleware","RequestId":"0HNID0CLL4IGS:000000AD","ConnectionId":"0HNID0CLL4IGS","ThreadId":12,"MachineName":"DESKTOP-JBMPMGQ","ApplicationName":"WEBTest"}
{"@t":"2026-01-06T09:11:19.9820909Z","@mt":"HTTP {RequestMethod} {RequestPath} responded {StatusCode} in {Elapsed:0.0000} ms","@r":["31.5436"],"@tr":"a1a0f7fb5dd4cb8d301a3cd2a53f33df","@sp":"d43b8e29647cf619","RequestMethod":"GET","RequestPath":"/Comparison","StatusCode":200,"Elapsed":31.5436,"SourceContext":"Serilog.AspNetCore.RequestLoggingMiddleware","RequestId":"0HNID0CLL4IGS:000000B3","ConnectionId":"0HNID0CLL4IGS","ThreadId":22,"MachineName":"DESKTOP-JBMPMGQ","ApplicationName":"WEBTest"}
{"@t":"2026-01-06T09:11:21.0764270Z","@mt":"HTTP {RequestMethod} {RequestPath} responded {StatusCode} in {Elapsed:0.0000} ms","@r":["7.6072"],"@tr":"170275906ec8a49e462e2b9a90442848","@sp":"ddbb98695a65570b","RequestMethod":"GET","RequestPath":"/","StatusCode":200,"Elapsed":7.6072,"SourceContext":"Serilog.AspNetCore.RequestLoggingMiddleware","RequestId":"0HNID0CLL4IGS:000000B9","ConnectionId":"0HNID0CLL4IGS","ThreadId":25,"MachineName":"DESKTOP-JBMPMGQ","ApplicationName":"WEBTest"}
{"@t":"2026-01-06T09:11:21.1205922Z","@mt":"HTTP {RequestMethod} {RequestPath} responded {StatusCode} in {Elapsed:0.0000} ms","@r":["3.1866"],"@tr":"8e54bfdc601088534434e984d63ed2f9","@sp":"abaa9c6e10541d0d","RequestMethod":"GET","RequestPath":"/img/anyProduct.png","StatusCode":404,"Elapsed":3.1866,"SourceContext":"Serilog.AspNetCore.RequestLoggingMiddleware","RequestId":"0HNID0CLL4IGS:000000BB","ConnectionId":"0HNID0CLL4IGS","ThreadId":26,"MachineName":"DESKTOP-JBMPMGQ","ApplicationName":"WEBTest"}
